"","P635","P48","P203","P86","P483","P710","P682","P575","P124","P471","P692","P68","P109","P375","P669","P461","P13","P85","P534","P275","P71","P690","P684","P596","P231","P296","P705","P198","P389","Host"
"2","E","A","A","N","L","K","A","D","E","I","A","M","T","R","A","P","D","T","K","T","I","G","T","A","V","I","L","H","V","Avian"
"3","K","S","S","S","M","R","S","N","D","V","S","T","V","K","T","H","N","I","R","A","V","S","I","I","I","T","I","R","V","Human"
"4","E","A","A","N","L","K","A","D","E","I","A","M","T","R","S","P","E","T","K","T","I","G","I","A","V","I","L","Q","I","Avian"
"5","K","S","S","S","M","R","T","N","D","V","S","T","V","K","T","H","N","M","R","A","V","S","I","I","I","T","L","R","V","Human"
"6","E","A","A","N","L","K","A","D","E","I","A","M","T","R","A","P","D","T","K","T","I","G","T","A","V","I","L","Q","I","Avian"
"7","K","S","S","S","M","R","T","N","D","V","S","T","V","K","T","H","N","M","R","A","V","S","I","I","I","T","I","R","V","Human"
"8","E","A","A","N","L","K","A","D","E","I","A","M","T","R","A","P","D","T","K","T","I","G","T","A","V","I","L","Q","I","Avian"
"9","K","S","S","S","M","R","T","N","D","V","S","T","V","K","T","H","N","M","R","A","V","S","I","I","I","T","I","R","V","Human"
"10","E","A","A","N","L","K","A","D","E","I","A","M","T","R","A","P","D","T","K","T","I","G","T","A","V","V","L","Q","I","Avian"
"11","K","S","S","S","M","R","T","N","D","V","S","T","V","K","T","H","N","M","R","A","V","S","I","I","I","T","I","R","V","Human"
"12","E","A","A","N","L","K","A","D","E","I","A","M","T","R","A","P","D","T","K","T","I","G","T","A","V","I","L","Q","I","Avian"
"13","K","S","S","S","M","R","T","N","D","V","S","T","V","K","T","H","N","M","R","S","V","S","I","I","V","T","L","Q","V","Human"
"14","E","A","A","N","L","K","A","D","E","I","A","M","T","R","A","P","D","T","K","T","I","G","T","A","V","I","L","Q","I","Avian"
"15","K","S","S","S","M","R","T","N","D","V","S","T","V","K","T","H","N","M","R","A","V","S","I","I","I","T","I","R","V","Human"
"16","E","A","A","N","L","K","A","D","E","I","A","M","T","R","A","P","D","T","K","T","I","G","T","A","V","I","L","Q","I","Avian"
"17","K","S","S","S","M","R","T","N","D","V","S","T","V","K","T","H","N","M","R","A","V","S","I","I","I","T","I","R","V","Human"
"18","E","A","A","N","L","K","A","D","E","I","A","M","T","R","S","P","D","T","K","T","I","G","T","A","V","I","L","Q","I","Avian"
"19","K","S","S","S","M","R","T","N","D","V","S","T","V","K","T","H","N","M","R","A","V","S","I","V","I","T","I","R","V","Human"
"20","E","A","A","N","L","K","A","D","E","I","A","M","T","R","A","P","D","T","K","T","I","G","T","A","V","I","L","Q","I","Avian"
"21","K","S","S","S","M","R","T","N","D","V","S","T","V","K","T","H","N","M","R","A","V","S","I","I","I","T","L","R","V","Human"
"22","E","A","A","N","L","K","A","D","E","I","A","M","T","R","A","P","D","T","K","T","I","G","T","A","V","I","L","Q","I","Avian"
"23","K","S","S","S","M","R","T","N","D","V","S","T","V","K","T","H","N","M","R","A","V","S","I","I","I","T","I","R","V","Human"
"24","E","A","A","N","L","K","A","D","E","I","A","M","T","R","A","P","D","T","K","T","I","G","T","A","V","I","L","Q","I","Avian"
"25","K","S","S","S","M","R","T","N","D","V","S","T","V","K","T","H","N","M","R","A","V","S","I","I","I","T","I","R","V","Human"
"26","E","A","A","N","L","K","A","D","E","I","A","M","T","R","A","P","D","T","K","T","V","G","T","A","V","I","L","Q","I","Avian"
"27","K","S","S","S","M","R","T","N","D","V","S","T","V","K","T","H","N","M","R","A","V","S","I","I","I","T","I","R","V","Human"
"28","E","A","A","N","L","K","A","D","E","I","A","M","T","R","A","P","D","T","K","T","I","G","T","A","V","I","L","Q","I","Avian"
"29","K","S","S","S","M","R","T","N","D","V","S","T","V","K","I","H","N","M","R","A","V","S","I","I","I","T","I","R","V","Human"
"30","E","A","A","N","L","K","A","D","E","I","A","M","T","R","A","P","D","T","K","T","I","G","T","A","V","V","L","Q","I","Avian"
"31","K","S","S","S","M","R","T","N","D","V","S","T","V","K","T","H","N","T","R","A","V","S","I","I","I","T","L","R","V","Human"
"32","E","A","A","N","L","K","A","D","E","I","A","M","T","R","A","P","D","T","K","T","I","G","T","A","V","I","L","Q","I","Avian"
"33","K","S","S","S","M","R","T","N","D","V","S","T","V","K","T","H","T","M","R","A","V","N","I","I","I","T","I","R","V","Human"
"34","E","A","A","N","L","K","A","D","E","V","A","M","T","R","A","P","D","T","K","T","I","G","T","A","V","I","L","Q","I","Avian"
"35","K","S","S","S","M","R","T","N","D","V","S","T","V","K","T","H","N","M","R","A","V","S","I","I","I","T","L","R","V","Human"
"36","E","A","A","N","L","K","A","D","E","I","A","M","T","R","A","P","D","T","K","T","I","G","T","A","V","I","L","Q","I","Avian"
"37","K","S","S","S","M","R","T","N","E","V","S","T","M","K","T","H","N","M","K","A","V","G","I","I","V","T","L","Q","V","Human"
"38","E","A","A","N","L","K","A","D","E","I","A","M","T","R","A","P","D","T","K","T","I","S","T","A","V","I","L","Q","I","Avian"
"39","K","S","S","S","M","R","T","N","D","V","S","T","V","K","T","H","N","M","R","A","V","S","I","I","I","T","I","R","V","Human"
"40","E","A","A","N","L","K","A","D","E","I","A","M","T","R","A","P","D","T","K","T","I","G","T","A","V","I","L","Q","V","Avian"
"41","K","S","S","S","M","R","T","N","D","V","S","T","V","K","T","H","N","M","R","A","V","S","I","I","I","A","I","R","V","Human"
"42","E","A","A","N","L","K","A","D","E","I","A","M","A","R","A","P","D","T","K","T","I","G","T","A","V","I","L","Q","I","Avian"
"43","K","S","S","S","M","R","T","N","E","V","S","T","M","R","T","H","N","M","K","A","V","G","I","I","V","T","L","Q","V","Human"
"44","E","A","A","N","L","K","A","D","E","I","A","M","T","R","A","P","D","T","K","T","I","G","T","A","V","I","L","Q","I","Avian"
"45","K","S","S","S","M","R","T","N","D","V","S","T","V","K","T","H","N","M","R","A","V","S","T","I","I","T","L","R","V","Human"
"46","E","A","A","N","L","K","A","D","E","I","A","M","T","R","A","P","D","T","K","T","I","G","I","A","V","I","L","Q","I","Avian"
"47","K","S","S","S","M","R","T","N","D","V","S","T","V","K","T","H","N","M","R","A","V","S","I","I","I","T","I","R","V","Human"
"48","E","A","A","N","L","K","A","D","E","I","A","M","T","R","A","P","D","T","K","T","I","G","T","A","V","I","L","Q","I","Avian"
"49","K","S","S","S","M","R","T","N","D","V","S","T","V","K","T","H","N","M","R","A","V","S","I","I","I","T","I","R","V","Human"
"50","E","A","A","N","L","K","A","D","E","I","A","I","T","R","A","P","D","T","K","T","I","G","T","A","V","V","L","Q","I","Avian"
"51","K","S","S","S","M","R","T","N","D","V","S","T","V","K","T","H","N","M","R","A","V","S","I","I","I","T","I","R","V","Human"
"52","E","A","A","N","L","K","A","D","E","I","A","M","T","R","A","P","D","T","K","T","I","G","T","A","V","I","L","Q","I","Avian"
"53","K","S","S","S","M","R","T","N","D","V","S","T","V","K","T","H","T","I","R","A","V","S","I","I","I","T","I","R","V","Human"
"54","E","A","A","N","L","K","A","D","E","I","A","M","T","R","A","P","D","T","K","T","I","G","T","V","V","V","L","Q","I","Avian"
"55","K","S","S","S","M","R","T","N","D","V","S","T","V","K","T","H","N","M","R","A","V","S","I","I","I","T","I","R","V","Human"
"56","E","A","A","N","L","K","A","D","E","I","A","M","T","R","A","P","D","T","R","T","I","G","A","A","V","I","L","Q","V","Avian"
"57","K","S","S","S","M","R","T","N","D","V","S","T","V","K","T","H","N","M","R","A","I","S","I","I","I","T","I","R","V","Human"
"58","E","A","A","N","L","K","A","D","E","V","A","M","T","R","A","P","D","T","K","T","I","G","T","A","V","I","L","Q","I","Avian"
"59","K","S","S","S","M","R","T","N","D","V","S","T","V","K","T","H","N","M","R","A","V","S","I","I","I","T","I","R","V","Human"
"60","E","A","A","N","L","K","A","D","E","I","A","M","T","R","A","P","D","T","K","T","I","G","T","T","V","I","L","H","I","Avian"
"61","K","S","S","S","M","R","T","N","D","V","S","T","V","K","T","H","N","M","R","A","V","S","I","I","V","T","L","Q","V","Human"
"62","E","A","A","N","L","K","A","D","E","I","A","V","T","R","A","P","D","T","K","T","I","G","T","T","V","I","L","Q","I","Avian"
"63","K","S","S","S","M","R","T","N","D","V","S","I","V","K","T","H","N","M","R","A","V","S","I","I","I","T","I","R","V","Human"
"64","E","A","A","N","L","K","A","D","E","V","A","M","T","R","A","P","D","T","K","T","I","G","T","A","V","I","L","Q","X","Avian"
"65","K","S","S","S","M","R","T","N","D","V","S","T","V","K","T","H","N","M","R","A","V","S","I","I","I","T","I","R","V","Human"
"66","E","A","A","N","L","K","A","D","E","I","A","M","T","R","A","T","D","T","K","T","I","G","T","A","V","I","L","Q","I","Avian"
"67","K","S","S","S","M","R","T","N","D","V","S","T","V","K","T","H","N","M","R","A","V","S","I","I","I","T","I","R","V","Human"
"68","E","A","A","N","L","K","A","D","E","I","A","M","T","R","A","P","D","T","K","T","I","G","T","A","V","I","L","Q","I","Avian"
"69","K","S","S","S","M","R","T","N","D","V","S","T","V","K","T","H","N","M","R","A","V","S","I","I","I","T","I","R","V","Human"
"70","E","A","A","N","L","K","A","D","E","I","A","M","T","R","A","P","D","T","K","T","I","G","T","A","V","I","L","Q","I","Avian"
"71","K","S","S","S","M","R","T","N","D","V","S","T","V","K","T","H","N","M","R","A","V","S","I","I","I","T","I","R","V","Human"
"72","E","A","A","N","L","K","A","D","E","I","A","M","T","R","A","P","D","T","K","T","I","G","T","A","V","I","L","Q","I","Avian"
"73","K","S","S","S","M","R","T","N","D","V","S","T","V","K","T","H","N","M","R","A","V","S","I","I","I","T","I","R","V","Human"
"74","E","A","A","N","L","K","A","D","E","I","A","M","T","R","A","P","D","T","K","T","I","G","I","A","V","I","L","Q","I","Avian"
"75","K","S","S","S","M","R","T","N","D","V","S","T","V","K","T","H","N","M","R","A","V","S","I","I","I","T","I","R","V","Human"
"76","E","A","A","N","L","K","A","D","E","I","A","M","T","R","A","P","D","T","K","T","I","G","A","A","V","I","L","Q","I","Avian"
"77","K","S","S","S","M","R","T","N","D","V","S","T","V","K","T","H","N","M","R","A","V","S","I","I","I","T","I","R","V","Human"
"78","E","A","A","N","L","K","A","D","E","I","A","M","T","R","T","P","D","T","K","T","I","G","T","A","V","I","L","Q","I","Avian"
"79","K","S","S","S","M","R","T","N","D","V","S","T","V","K","T","H","N","M","R","A","V","S","I","I","I","T","I","R","V","Human"
"80","E","A","A","N","L","K","A","D","E","I","A","M","T","R","A","P","D","T","K","T","I","G","T","A","V","I","L","Q","I","Avian"
"81","K","S","S","S","M","R","T","N","D","V","S","T","V","K","T","H","T","M","R","A","V","N","I","I","I","T","I","R","V","Human"
"82","E","A","A","N","L","K","A","D","E","I","A","M","T","R","A","P","D","T","K","T","I","G","T","A","V","I","L","Q","I","Avian"
"83","K","S","S","S","M","R","T","N","D","V","S","T","V","K","T","H","N","M","R","A","V","S","I","I","I","T","I","R","V","Human"
"84","E","A","A","N","L","K","A","D","E","I","A","M","T","R","A","P","D","T","K","T","I","G","T","A","V","I","L","Q","I","Avian"
"85","K","S","S","S","M","R","T","N","D","V","S","T","V","K","T","H","N","M","R","A","V","S","I","I","I","T","L","Q","V","Human"
"86","E","A","A","N","L","K","A","D","E","I","A","M","T","R","A","P","D","T","K","T","I","G","T","A","V","I","L","Q","I","Avian"
"87","K","S","S","S","M","R","T","N","D","V","S","T","V","K","T","H","N","M","R","A","V","S","I","I","I","T","I","R","V","Human"
"88","E","A","A","N","L","K","A","D","E","I","A","M","T","R","A","P","D","T","K","T","I","G","T","A","V","I","L","Q","I","Avian"
"89","K","S","S","S","M","R","T","N","D","V","S","T","V","K","T","H","N","M","R","A","V","S","I","I","I","T","I","R","V","Human"
"90","E","A","A","N","L","K","A","D","E","I","A","M","T","R","A","P","D","T","K","T","I","G","T","A","V","I","L","Q","I","Avian"
"91","K","S","S","S","M","R","T","N","D","V","S","T","V","K","T","H","N","M","R","A","V","S","I","I","V","T","L","Q","V","Human"
"92","E","A","A","N","L","K","A","D","E","I","A","M","T","R","A","P","D","T","K","T","I","G","T","A","V","I","L","Q","I","Avian"
"93","K","S","S","S","M","R","T","N","D","V","S","T","V","K","T","H","N","M","R","A","V","S","I","I","I","T","I","R","V","Human"
"94","E","A","A","N","L","K","A","D","E","I","A","M","T","R","A","P","D","T","K","T","I","G","T","A","V","I","L","Q","I","Avian"
"95","K","S","S","S","M","R","T","N","D","V","S","T","V","K","T","H","N","M","R","A","V","S","I","I","I","T","L","R","V","Human"
"96","E","A","A","N","L","K","A","D","E","I","A","M","T","R","A","P","D","T","K","T","I","G","T","A","V","I","L","Q","I","Avian"
"97","K","S","S","S","M","R","T","N","D","V","S","T","V","K","T","H","N","M","R","A","I","S","I","I","I","T","I","R","V","Human"
"98","E","A","A","N","L","K","A","D","E","I","A","M","T","R","A","P","D","T","K","T","I","G","T","A","V","I","L","Q","I","Avian"
"99","K","S","S","S","M","R","T","N","E","V","S","T","M","K","T","H","N","M","K","A","V","G","I","I","V","T","L","Q","V","Human"
"100","E","A","A","N","L","K","A","D","E","I","A","M","T","R","A","P","D","T","K","T","I","G","T","A","V","I","L","Q","I","Avian"
"101","K","S","S","S","M","R","T","N","D","V","S","T","V","K","T","H","N","M","R","A","V","S","I","I","I","T","I","R","V","Human"
"102","E","A","A","N","L","K","A","D","E","I","A","M","T","R","A","P","D","T","K","T","I","G","T","A","V","I","L","Q","I","Avian"
"103","K","S","S","S","M","R","T","N","D","V","S","T","V","K","T","H","N","M","R","A","V","S","I","I","I","T","I","R","V","Human"
"104","E","A","A","N","L","K","A","D","E","I","A","M","T","R","A","H","D","T","K","T","I","G","T","A","V","I","L","Q","I","Avian"
"105","K","S","S","S","M","R","T","N","D","V","S","T","V","K","T","H","N","M","R","A","V","S","I","I","I","T","I","R","V","Human"
"106","E","A","A","N","X","K","A","X","E","X","A","M","T","X","A","X","D","T","X","T","I","G","T","X","V","I","L","Q","X","Avian"
"107","K","S","S","S","M","R","T","N","D","V","S","T","V","K","T","H","N","M","R","A","V","S","I","I","I","T","I","R","I","Human"
"108","E","A","A","N","L","K","A","D","E","I","A","M","T","R","A","P","D","T","K","A","I","G","T","T","V","I","L","Q","I","Avian"
"109","K","S","S","S","M","R","T","N","D","V","S","T","V","K","T","H","N","M","R","A","V","S","I","I","I","T","I","R","V","Human"
"110","E","A","A","N","L","K","A","D","E","I","A","M","T","R","A","P","D","T","K","T","I","G","T","A","V","I","L","Q","I","Avian"
"111","K","S","S","S","M","K","T","N","D","V","S","T","V","K","T","H","N","M","R","A","V","S","I","I","I","T","I","R","V","Human"
"112","E","A","A","N","L","K","A","D","E","I","A","M","T","R","A","P","D","T","K","T","I","G","T","A","V","I","L","Q","I","Avian"
"113","K","S","S","S","M","R","T","N","D","V","S","T","V","K","T","H","N","M","R","A","V","S","I","I","V","T","L","Q","V","Human"
"114","E","A","A","N","L","K","A","D","E","I","A","M","T","R","A","P","D","T","K","T","I","G","T","A","V","I","L","Q","I","Avian"
"115","K","S","S","S","M","R","T","N","D","V","S","T","V","K","T","H","N","M","R","A","V","S","I","I","I","T","I","R","V","Human"
"116","E","A","A","N","L","K","A","D","E","I","A","M","T","R","A","P","N","T","K","T","I","G","T","A","V","L","L","Q","I","Avian"
"117","K","S","S","S","M","R","T","N","D","V","S","T","V","K","T","H","N","M","R","A","V","S","I","I","I","T","I","R","V","Human"
"118","E","A","A","N","L","K","A","D","E","I","A","M","T","K","A","P","D","T","K","T","I","G","T","A","V","I","L","Q","I","Avian"
"119","K","S","S","S","M","R","S","N","D","V","S","T","V","K","T","H","N","I","R","A","V","S","I","I","I","T","I","R","V","Human"
"120","E","A","A","N","L","K","A","D","E","I","A","M","T","R","A","P","D","T","K","T","I","G","T","A","V","I","L","Q","I","Avian"
"121","K","S","S","S","M","R","T","N","D","V","S","T","V","K","T","H","N","M","R","A","V","S","I","I","I","T","I","R","I","Human"
"122","E","A","A","N","L","K","A","D","E","I","A","M","T","R","A","P","D","T","K","T","I","G","T","A","V","I","L","Q","I","Avian"
"123","K","S","S","S","M","R","T","N","D","V","S","T","V","K","T","H","N","M","R","A","V","S","I","I","I","T","I","R","V","Human"
"124","E","A","A","N","L","K","A","D","E","I","V","M","T","R","A","P","D","T","K","T","I","G","T","A","V","I","L","Q","I","Avian"
"125","K","S","S","S","M","R","T","N","D","V","S","T","V","K","T","H","N","M","R","A","V","S","I","I","I","T","I","R","V","Human"
"126","E","A","A","N","L","K","A","D","E","I","A","M","T","R","A","P","D","T","K","T","I","G","A","A","V","I","L","Q","I","Avian"
"127","K","S","X","S","X","R","T","N","D","X","S","T","V","X","T","X","N","M","X","X","V","S","I","I","X","X","I","X","X","Human"
"128","E","A","A","N","L","K","A","D","E","I","A","M","T","R","A","P","D","T","K","T","I","G","T","A","V","V","L","Q","I","Avian"
"129","K","S","S","S","M","R","T","N","D","V","S","T","V","K","T","H","T","M","R","A","V","S","I","I","I","T","I","R","V","Human"
"130","E","A","A","N","L","K","A","D","E","I","A","M","T","R","A","P","D","T","K","T","I","G","T","A","V","I","L","Q","I","Avian"
"131","K","S","S","S","M","R","T","N","D","V","S","T","V","K","T","H","N","M","R","A","V","S","I","I","I","T","I","R","V","Human"
"132","E","A","A","N","L","K","A","D","E","I","A","M","T","R","A","P","D","T","K","T","I","G","T","A","V","I","L","Q","I","Avian"
"133","K","S","S","S","M","R","T","N","D","V","S","T","V","K","T","H","N","M","R","A","V","S","I","I","I","T","I","R","V","Human"
"134","E","A","A","N","L","K","T","D","E","I","A","M","T","R","A","P","D","T","K","T","I","G","T","A","V","I","L","Q","I","Avian"
"135","K","S","S","S","M","R","T","N","D","V","S","T","V","K","T","H","N","M","R","A","V","S","I","I","I","T","I","R","V","Human"
"136","E","A","A","N","L","K","A","D","E","I","A","M","T","R","A","P","D","T","K","T","I","G","T","A","V","V","L","Q","I","Avian"
"137","K","S","S","S","M","R","T","N","D","V","S","T","V","K","T","H","T","M","R","A","V","S","I","I","I","T","I","R","V","Human"
"138","E","A","A","N","L","K","A","D","E","I","A","M","T","R","A","P","D","T","K","T","I","G","T","A","V","I","L","Q","I","Avian"
"139","K","S","S","S","M","R","T","N","D","V","S","T","V","K","T","H","N","M","R","A","V","S","I","I","I","T","I","R","V","Human"
"140","E","A","A","N","L","K","A","D","E","I","S","M","T","R","A","S","D","T","K","A","I","G","T","T","I","V","L","Q","I","Avian"
"141","K","S","S","S","M","R","T","N","D","V","S","T","V","K","T","H","N","M","R","A","V","S","I","I","I","T","I","R","V","Human"
"142","E","A","A","N","L","K","A","D","E","I","A","M","T","R","A","P","D","T","K","T","I","G","T","A","V","T","L","Q","I","Avian"
"143","K","S","S","S","M","R","T","N","D","V","S","T","V","K","T","H","T","M","R","A","V","S","I","I","I","T","I","R","V","Human"
"144","E","A","A","N","L","K","A","D","E","I","A","M","T","R","A","P","D","T","K","T","I","G","T","A","V","I","L","Q","I","Avian"
"145","K","S","S","S","M","R","T","N","D","V","S","T","V","K","T","H","N","M","R","A","V","S","I","I","I","T","I","R","V","Human"
"146","E","A","A","N","L","K","A","D","E","I","A","M","T","R","A","P","D","T","K","T","I","G","T","A","V","I","L","Q","I","Avian"
"147","K","S","S","S","M","R","T","N","D","V","S","T","V","K","T","H","N","M","R","A","V","S","I","I","I","T","I","R","V","Human"
"148","E","A","A","N","L","K","A","D","E","I","A","M","T","R","A","P","D","T","K","T","I","G","T","A","V","I","L","Q","I","Avian"
"149","K","S","S","S","M","R","T","N","D","V","S","T","V","K","I","H","N","M","R","A","V","S","I","I","I","T","I","R","V","Human"
"150","E","A","A","N","L","K","A","D","E","I","A","M","T","R","A","P","D","T","K","T","I","G","T","A","V","I","L","Q","I","Avian"
"151","K","S","S","S","M","R","T","N","D","V","S","T","V","K","T","H","T","M","R","A","V","S","I","I","I","T","I","R","V","Human"
"152","E","A","A","N","L","R","A","D","E","I","A","M","T","R","A","P","D","A","K","T","I","G","T","A","V","I","L","Q","I","Avian"
"153","K","S","S","S","M","R","T","N","D","V","S","T","V","K","T","H","N","M","R","A","V","S","I","I","I","T","I","R","V","Human"
"154","E","A","A","N","L","K","A","D","E","I","A","M","T","R","A","P","D","T","K","T","I","G","T","A","V","I","L","Q","I","Avian"
"155","E","A","A","N","L","K","A","D","E","V","A","M","T","R","A","P","D","T","K","I","I","G","T","A","V","I","I","Q","I","Human"
"156","E","A","A","N","L","K","A","D","E","I","A","M","T","R","A","P","D","T","K","T","V","G","T","A","V","I","L","Q","I","Avian"
"157","K","S","S","N","M","R","T","N","D","V","S","T","V","K","T","H","N","M","R","A","V","S","I","I","I","T","I","R","V","Human"
"158","E","A","A","N","L","K","A","D","E","I","A","M","T","R","A","P","D","T","K","T","I","G","T","A","V","M","L","Q","I","Avian"
"159","K","S","S","S","M","R","T","N","D","V","S","T","V","K","T","H","N","M","R","A","V","S","I","I","I","T","I","R","V","Human"
"160","E","A","A","N","L","K","A","D","E","I","A","M","T","R","A","P","D","T","K","T","I","G","T","A","V","I","L","Q","I","Avian"
"161","K","S","S","S","M","R","T","N","D","V","S","T","V","K","T","H","N","M","R","A","V","S","I","I","I","T","I","R","V","Human"
"162","E","A","A","N","L","K","A","D","E","I","A","M","T","R","A","P","D","T","K","T","I","G","T","A","V","I","L","H","V","Avian"
"163","K","S","S","S","M","R","T","N","D","V","S","T","V","K","T","H","N","M","R","A","V","S","I","I","I","T","I","R","V","Human"
"164","E","A","A","N","L","K","A","D","E","I","A","M","T","R","A","P","D","T","K","T","I","G","T","A","V","I","L","Q","I","Avian"
"165","K","S","S","S","M","R","T","D","D","V","S","T","V","K","T","H","N","M","R","A","V","S","I","I","I","T","I","R","V","Human"
"166","E","A","A","N","L","K","A","D","E","I","A","M","T","R","A","P","D","T","K","T","I","G","T","A","V","I","L","Q","I","Avian"
"167","K","S","S","S","M","R","T","N","D","V","S","T","V","K","T","H","N","M","R","A","V","S","I","I","I","T","I","R","V","Human"
"168","E","A","A","N","L","K","A","D","E","I","A","M","T","R","A","P","D","T","K","T","I","G","T","A","V","I","L","Q","I","Avian"
"169","K","S","S","S","M","R","T","N","D","V","S","T","V","K","T","H","N","M","R","A","V","S","I","I","I","T","I","R","V","Human"
"170","E","A","A","N","L","K","A","D","E","I","A","V","T","R","A","P","D","T","K","T","I","G","T","A","V","I","L","Q","I","Avian"
"171","K","S","S","S","M","R","T","N","D","V","S","T","V","K","T","H","N","M","R","A","V","S","I","I","I","T","I","R","V","Human"
"172","E","A","A","N","L","K","A","D","E","I","A","M","T","R","A","P","D","T","K","T","V","G","T","A","V","I","L","Q","I","Avian"
"173","K","S","S","S","M","R","T","N","D","V","S","T","V","K","T","H","N","M","R","A","V","S","I","I","I","T","I","R","V","Human"
"174","E","A","A","N","L","K","A","D","E","I","A","M","T","R","A","P","D","T","K","T","I","G","T","A","V","I","L","Q","I","Avian"
"175","K","S","S","S","M","R","T","N","D","V","S","T","V","K","T","H","N","M","R","A","V","S","I","I","I","T","I","R","V","Human"
"176","E","A","A","N","L","K","A","D","E","I","A","M","T","R","A","P","D","T","K","T","I","G","T","A","V","I","L","Q","V","Avian"
"177","K","S","S","S","M","R","T","N","D","V","S","T","V","K","T","H","N","M","R","A","I","S","I","I","I","T","I","R","V","Human"
"178","E","A","A","N","L","K","A","D","E","I","A","M","T","R","A","P","D","T","K","T","I","G","T","A","V","I","L","Q","I","Avian"
"179","K","S","S","S","M","R","T","N","D","V","S","T","V","K","T","H","T","M","R","A","V","S","I","I","I","T","I","R","V","Human"
"180","E","A","A","N","L","K","A","D","E","I","A","M","T","R","A","P","D","T","K","T","I","G","T","A","V","I","L","Q","I","Avian"
"181","K","S","S","S","M","R","T","N","D","V","S","T","V","K","T","H","N","M","R","A","V","S","I","I","I","T","I","R","V","Human"
"182","E","A","A","N","L","K","A","D","E","I","A","M","T","R","A","S","D","T","K","T","I","G","A","A","V","I","L","Q","I","Avian"
"183","K","S","S","S","M","R","T","N","D","V","S","T","V","K","T","H","N","M","R","A","V","S","I","I","I","T","I","R","V","Human"
"184","E","A","A","N","L","K","A","D","E","I","T","M","T","R","A","P","D","T","K","A","I","G","T","T","V","I","L","Q","I","Avian"
"185","K","S","S","S","M","R","T","N","D","V","S","T","V","K","T","H","N","M","R","A","V","S","I","I","I","T","I","R","V","Human"
"186","E","A","A","N","L","K","A","D","E","I","A","M","T","R","A","P","D","T","K","T","I","G","T","A","V","I","L","Q","I","Avian"
"187","K","S","S","S","M","R","T","N","D","V","S","T","V","K","T","H","N","M","R","A","I","S","I","I","I","T","I","R","V","Human"
"188","E","A","A","N","L","K","A","D","E","I","A","M","T","R","A","P","D","T","K","T","I","G","T","A","V","I","L","Q","I","Avian"
"189","K","S","S","S","M","R","T","D","D","V","S","T","V","K","T","H","N","M","R","A","V","S","I","I","M","T","L","Q","V","Human"
"190","E","A","A","N","L","K","A","D","E","I","A","M","T","R","A","P","D","T","K","T","I","G","T","A","V","I","L","Q","I","Avian"
"191","K","S","S","S","M","R","T","N","D","V","S","T","V","K","T","H","N","M","R","A","V","S","I","I","I","T","I","R","V","Human"
"192","E","A","A","N","L","K","A","D","E","I","A","M","T","R","A","P","D","T","K","T","I","G","T","A","V","I","L","Q","I","Avian"
"193","K","S","S","S","M","R","T","N","D","V","S","T","V","K","T","H","N","M","R","A","V","S","I","I","I","T","I","R","V","Human"
"194","E","A","A","N","L","K","A","D","E","I","A","M","T","R","A","P","D","T","K","T","I","G","T","A","V","I","L","Q","I","Avian"
"195","K","S","S","S","M","R","T","N","D","V","S","T","V","K","T","H","N","M","R","A","V","S","I","I","I","T","L","R","V","Human"
"196","E","A","A","N","L","K","A","D","E","I","A","M","T","R","A","P","D","T","K","T","I","G","T","A","V","I","L","Q","I","Avian"
"197","K","S","S","S","M","R","T","N","D","V","S","I","V","K","T","H","N","M","R","A","V","S","I","I","I","T","I","R","V","Human"
"198","E","A","A","N","L","K","A","D","E","I","V","M","T","R","A","P","D","T","K","T","I","G","T","A","V","I","L","Q","I","Avian"
"199","K","S","S","S","M","R","T","N","D","V","S","T","V","K","T","H","N","M","R","A","V","S","I","I","I","T","I","R","V","Human"
"200","E","A","A","N","L","K","A","D","E","I","A","M","T","R","A","P","D","T","K","A","I","G","T","T","V","I","L","Q","I","Avian"
"201","K","S","S","S","M","R","T","N","D","V","S","T","V","K","T","H","N","M","R","A","V","S","I","I","I","T","I","R","V","Human"
"202","E","A","A","N","L","K","A","D","E","I","A","M","T","R","A","P","D","T","K","T","I","G","I","A","V","I","L","Q","I","Avian"
"203","K","S","S","S","M","R","T","N","D","V","S","T","V","K","T","H","N","M","R","A","V","S","I","I","I","T","I","R","V","Human"
"204","E","A","A","N","L","K","A","D","E","I","A","M","T","R","A","P","D","T","K","T","I","G","T","A","V","I","L","Q","I","Avian"
"205","K","S","S","S","M","R","T","N","D","V","S","T","V","K","T","H","N","M","R","A","V","S","I","I","M","T","L","Q","V","Human"
"206","E","A","A","N","L","K","A","D","E","I","A","M","T","R","A","P","D","T","K","T","I","G","T","A","V","I","L","Q","I","Avian"
"207","K","S","S","S","M","R","T","N","D","V","S","T","V","K","T","H","N","M","R","A","V","S","I","I","I","T","I","R","V","Human"
"208","E","A","A","N","L","K","A","D","E","I","A","M","T","R","A","P","D","T","K","T","I","G","T","A","V","I","L","Q","I","Avian"
"209","K","S","S","S","M","R","T","N","D","V","S","T","V","K","T","H","N","M","R","A","V","S","I","I","I","T","I","R","V","Human"
"210","E","A","A","N","L","K","A","D","E","I","A","M","T","R","A","P","D","T","K","M","I","G","T","A","V","I","L","Q","I","Avian"
"211","K","S","S","S","M","R","T","N","D","V","S","T","V","K","T","H","N","M","R","A","V","S","I","I","I","T","L","R","V","Human"
"212","E","A","A","N","L","K","A","D","E","I","A","M","T","R","A","P","D","T","K","T","I","G","T","A","V","I","L","Q","I","Avian"
"213","K","S","S","S","M","R","T","N","D","V","S","T","V","K","T","H","N","M","R","A","V","S","I","I","I","T","I","R","V","Human"
"214","E","A","A","N","L","K","A","D","E","I","A","M","T","R","A","P","D","T","K","T","I","G","T","A","V","I","L","Q","I","Avian"
"215","K","S","S","S","M","R","T","N","D","V","S","T","V","K","T","H","N","M","R","A","V","S","I","I","I","T","I","R","V","Human"
"216","E","A","A","N","L","K","A","D","E","I","A","M","T","R","A","P","D","T","K","T","I","G","T","A","V","I","L","Q","I","Avian"
"217","K","S","S","S","M","R","T","N","D","V","S","T","V","K","T","H","N","M","R","A","V","S","I","I","I","T","I","R","V","Human"
"218","E","A","A","N","L","K","A","D","E","I","A","M","T","R","A","P","D","T","K","T","I","G","T","A","V","I","L","Q","I","Avian"
"219","K","S","S","S","M","R","T","N","D","V","S","T","V","K","T","H","N","M","R","A","V","S","I","I","I","T","I","R","V","Human"
"220","E","A","A","N","L","K","A","D","E","I","A","M","T","R","A","P","D","T","K","T","I","G","A","A","V","I","L","Q","I","Avian"
"221","K","S","S","S","M","R","T","N","D","V","S","T","V","K","T","H","N","I","R","A","V","S","I","I","I","T","I","R","V","Human"
"222","E","A","A","N","L","K","A","D","E","I","A","M","T","R","A","P","D","T","K","T","I","G","T","A","V","I","L","Q","I","Avian"
"223","K","S","S","S","M","R","T","N","D","V","S","T","V","K","T","H","N","V","R","A","V","S","I","I","I","T","I","R","V","Human"
"224","E","A","A","N","L","K","A","D","E","I","A","M","T","R","A","P","D","T","K","T","I","G","T","A","V","I","L","Q","I","Avian"
"225","K","S","S","S","M","R","T","N","D","V","S","T","V","K","T","H","N","M","R","A","V","S","I","I","I","T","I","R","V","Human"
"226","E","A","A","N","L","K","A","D","E","I","A","M","T","R","A","P","D","T","K","T","V","G","T","A","V","I","L","Q","I","Avian"
"227","K","S","S","S","M","R","T","N","D","V","S","T","V","K","T","H","N","M","R","A","V","S","I","I","I","T","I","R","V","Human"
"228","E","A","A","N","L","K","A","D","E","I","A","M","T","R","A","P","D","T","K","T","I","G","T","A","V","I","L","Q","I","Avian"
"229","K","S","S","S","M","R","T","N","D","V","S","T","V","K","T","H","N","M","R","A","V","S","I","I","I","T","I","R","V","Human"
"230","E","A","A","N","L","K","A","D","E","I","A","M","T","R","A","P","D","T","K","T","I","G","T","A","V","I","L","Q","I","Avian"
"231","K","S","S","S","M","R","T","N","D","V","S","T","V","K","T","H","N","M","R","A","V","S","I","I","I","T","I","R","V","Human"
"232","E","A","A","N","L","K","A","D","E","I","A","M","T","R","A","P","D","T","K","T","I","G","T","A","V","I","L","Q","I","Avian"
"233","K","S","S","S","M","R","T","N","D","V","S","T","V","K","T","H","N","M","R","A","V","S","I","I","I","T","I","R","V","Human"
"234","E","A","A","N","L","K","A","D","E","I","A","M","T","K","A","P","D","T","K","T","I","G","T","A","V","I","L","Q","I","Avian"
"235","K","S","S","S","M","R","T","N","D","V","S","T","V","K","T","H","N","M","R","A","V","S","I","I","I","T","I","R","V","Human"
"236","E","A","A","N","L","K","A","D","E","I","A","M","T","R","S","P","D","T","K","A","I","G","T","T","V","I","L","Q","I","Avian"
"237","K","S","S","S","M","R","T","N","D","V","S","T","V","K","T","H","N","M","R","A","V","S","S","I","I","T","I","R","I","Human"
"238","E","A","A","N","L","K","A","D","E","I","A","M","T","R","A","P","D","A","K","T","I","G","T","A","V","I","L","Q","I","Avian"
"239","K","S","S","S","M","R","T","N","D","V","S","T","V","K","T","H","N","M","R","A","V","S","I","I","I","T","I","R","V","Human"
"240","E","A","A","N","L","K","A","D","E","I","A","M","T","R","A","P","D","T","K","T","I","G","T","A","V","V","L","Q","I","Avian"
"241","K","S","S","S","M","R","T","N","D","V","S","T","V","K","T","H","N","M","R","A","V","S","I","I","I","A","I","R","V","Human"
"242","E","A","A","N","L","K","A","D","E","I","A","M","T","R","A","P","D","T","K","T","I","G","T","A","V","I","L","Q","I","Avian"
"243","K","S","S","S","M","R","T","N","D","V","S","T","V","K","T","H","N","M","R","A","V","S","I","I","I","T","I","R","V","Human"
"244","E","A","A","N","L","K","A","D","E","I","A","M","T","R","A","P","D","T","K","T","I","G","T","A","V","T","L","Q","I","Avian"
"245","K","S","S","S","M","R","T","N","D","V","S","T","V","K","T","H","N","M","R","A","V","S","I","I","I","T","I","R","V","Human"
"246","E","A","A","N","L","K","A","D","E","I","A","M","T","R","A","P","D","T","K","T","I","G","T","P","V","I","L","Q","I","Avian"
"247","K","S","S","S","M","R","T","N","D","V","S","T","V","K","T","H","N","M","R","A","V","S","I","I","I","T","I","R","I","Human"
"248","E","A","A","N","L","K","A","D","E","I","A","M","T","R","A","P","D","T","K","T","I","S","T","A","V","I","L","Q","I","Avian"
"249","K","S","S","S","M","R","T","N","D","V","S","T","V","K","T","H","T","M","R","A","V","N","I","I","I","T","I","R","V","Human"
"250","E","A","A","N","L","K","A","D","E","I","S","M","T","R","A","S","D","T","K","A","I","G","T","T","I","X","L","Q","I","Avian"
"251","K","S","S","N","M","R","T","N","D","V","S","T","V","K","T","H","N","M","R","A","V","N","I","I","I","T","L","Q","V","Human"
"252","E","A","A","N","L","K","A","D","E","I","A","M","T","R","A","P","D","T","K","T","I","G","T","A","V","I","L","Q","I","Avian"
"253","K","S","S","S","M","R","T","N","D","V","S","T","V","K","T","H","N","M","R","A","V","S","I","I","I","T","I","R","V","Human"
"254","E","A","A","N","L","K","A","D","E","I","A","M","T","R","A","P","D","T","K","T","I","G","T","A","V","I","L","Q","I","Avian"
"255","K","S","S","S","M","R","T","N","D","V","S","T","V","K","T","H","T","M","R","A","V","S","I","I","I","T","I","R","V","Human"
"256","E","A","A","N","L","K","A","D","E","I","A","M","T","R","A","P","D","T","K","A","I","G","T","T","V","I","L","Q","I","Avian"
"257","K","S","S","S","M","R","T","N","D","V","S","T","V","K","T","H","N","M","R","A","V","S","I","V","I","T","I","R","V","Human"
"258","E","A","A","N","L","K","A","D","E","I","A","M","T","R","A","S","D","T","K","T","I","G","T","A","V","I","L","Q","I","Avian"
"259","K","S","S","S","M","R","T","N","D","V","S","T","V","K","T","H","N","M","R","A","V","S","I","I","I","T","I","R","V","Human"
"260","E","A","A","N","L","K","A","D","E","I","A","M","T","R","A","P","D","T","K","T","I","G","T","A","V","I","L","Q","I","Avian"
"261","K","S","S","S","M","R","T","N","D","V","S","T","V","K","T","H","N","I","R","A","V","S","I","I","I","T","I","R","V","Human"
"262","E","A","A","N","L","K","A","D","E","I","A","M","I","R","A","P","D","T","K","T","I","G","T","A","V","I","L","Q","I","Avian"
"263","K","S","S","S","M","R","T","N","D","V","S","T","V","K","T","H","N","M","R","A","V","S","I","I","I","T","I","R","V","Human"
"264","E","A","A","N","L","K","A","D","E","I","A","M","T","R","A","P","D","T","K","T","I","G","T","A","V","I","L","Q","I","Avian"
"265","K","S","S","S","M","R","T","N","D","V","S","T","V","K","T","H","N","M","R","A","V","S","I","I","I","T","I","R","V","Human"
"266","E","A","A","N","L","K","A","D","E","I","A","M","T","R","A","P","D","T","K","T","I","G","T","A","V","I","L","Q","I","Avian"
"267","K","S","S","S","M","R","T","N","D","V","S","T","V","K","T","H","N","I","R","A","V","S","I","V","I","T","I","R","V","Human"
"268","E","A","A","N","L","K","A","D","E","I","A","M","T","R","A","P","D","T","K","T","I","G","T","A","V","I","L","Q","I","Avian"
"269","K","S","S","S","M","R","T","N","D","V","S","I","V","K","T","H","N","M","R","A","V","S","I","I","I","T","I","R","V","Human"
"270","E","A","A","N","L","K","A","D","E","I","A","M","T","R","A","P","D","T","K","T","I","G","T","A","V","I","L","Q","I","Avian"
"271","K","S","S","S","M","R","T","N","D","V","S","T","V","K","T","H","T","M","R","A","V","S","I","I","I","T","I","R","V","Human"
"272","E","A","A","N","L","K","A","D","E","I","A","M","T","R","A","P","D","T","K","T","I","G","A","A","V","I","L","Q","I","Avian"
"273","K","S","S","S","M","R","T","N","E","V","S","T","M","K","T","H","N","M","K","A","V","G","I","I","V","T","L","Q","V","Human"
