"","rule","length","accuracy","support","pValue"
"1","IF P48(A) AND P203(A) THEN Avian",2,0.99597,124,5.34833301988729e-61
"2","IF P635(K) AND P48(S) THEN Human",2,1,123,6.13001246125559e-60
"3","IF P635(E) AND P483(L) THEN Avian",2,1,123,6.13001246125559e-60
"4","IF P682(A) AND P705(L) THEN Avian",2,1,122,6.56787049420253e-59
"5","IF P203(A) AND P705(L) THEN Avian",2,1,122,6.56787049420253e-59
"6","IF P635(K) THEN Human",1,1,122,6.56787049420253e-59
"7","IF P48(S) THEN Human",1,1,122,6.56787049420253e-59
"8","IF P483(L) AND P705(L) THEN Avian",2,1,122,6.56787049420253e-59
"9","IF P635(E) AND P705(L) THEN Avian",2,1,122,6.56787049420253e-59
"10","IF P48(A) AND P705(L) THEN Avian",2,1,122,6.56787049420253e-59
"11","IF P86(N) AND P621(V) THEN Avian",2,1,122,6.56787049420253e-59
"12","IF P13(D) AND P621(V) THEN Avian",2,1,122,6.56787049420253e-59
"13","IF P483(L) AND P534(K) AND P705(L) THEN Avian",3,1,122,6.56787049420253e-59
"14","IF P635(E) AND P85(T) THEN Avian",2,0.99594,122,6.56787049420253e-59
"15","IF P203(A) AND P85(T) THEN Avian",2,0.99594,122,6.56787049420253e-59
"16","IF P203(A) AND P86(N) AND P705(L) THEN Avian",3,1,122,6.56787049420253e-59
"17","IF P635(K) AND P692(S) THEN Human",2,1,122,6.56787049420253e-59
"18","IF P85(T) AND P705(L) THEN Avian",2,1,122,6.56787049420253e-59
"19","IF P203(S) AND P461(H) THEN Human",2,1,122,6.56787049420253e-59
"20","IF P682(A) AND P534(K) AND P705(L) THEN Avian",3,1,122,6.56787049420253e-59
"21","IF P203(A) AND P690(G) THEN Avian",2,1,122,6.56787049420253e-59
"22","IF P483(L) AND P682(A) THEN Avian",2,1,122,6.56787049420253e-59
"23","IF P483(M) THEN Human",1,1,121,6.61165629749715e-58
"24","IF P203(S) THEN Human",1,1,121,6.61165629749715e-58
"25","IF P48(A) AND P621(V) THEN Avian",2,1,121,6.61165629749715e-58
"26","IF P710(R) AND P692(S) THEN Human",2,1,121,6.61165629749715e-58
"27","IF P710(K) AND P705(L) THEN Avian",2,1,121,6.61165629749715e-58
"28","IF P203(S) AND P692(S) THEN Human",2,1,121,6.61165629749715e-58
"29","IF P471(V) AND P692(S) THEN Human",2,1,121,6.61165629749715e-58
"30","IF P48(S) AND P710(R) THEN Human",2,1,121,6.61165629749715e-58
"31","IF P109(T) AND P690(G) AND P705(L) THEN Avian",3,1,121,6.61165629749715e-58
"32","IF P635(K) AND P471(V) THEN Human",2,1,121,6.61165629749715e-58
"33","IF P692(S) AND P461(H) THEN Human",2,1,121,6.61165629749715e-58
"34","IF P471(V) AND P461(H) THEN Human",2,1,121,6.61165629749715e-58
"35","IF P86(S) AND P692(S) THEN Human",2,1,121,6.61165629749715e-58
"36","IF P483(M) AND P692(S) THEN Human",2,1,121,6.61165629749715e-58
"37","IF P483(M) AND P669(T) THEN Human",2,1,121,6.61165629749715e-58
"38","IF P203(A) AND P621(V) THEN Avian",2,1,121,6.61165629749715e-58
"39","IF P483(M) AND P471(V) THEN Human",2,1,121,6.61165629749715e-58
"40","IF P635(K) AND P483(M) THEN Human",2,1,121,6.61165629749715e-58
"41","IF P203(S) AND P483(M) THEN Human",2,1,121,6.61165629749715e-58
"42","IF P48(S) AND P203(S) THEN Human",2,1,121,6.61165629749715e-58
"43","IF P682(A) AND P109(T) AND P705(L) THEN Avian",3,1,121,6.61165629749715e-58
"44","IF P710(K) AND P13(D) THEN Avian",2,1,121,6.61165629749715e-58
"45","IF P124(E) AND P669(A) THEN Avian",2,1,121,6.61165629749715e-58
"46","IF P575(D) AND P705(L) THEN Avian",2,0.99597,123,6.94337049051085e-58
"47","IF P203(A) AND P124(E) THEN Avian",2,0.99594,123,6.94337049051085e-58
"48","IF P635(E) AND P621(V) THEN Avian",2,1,120,6.28107348262236e-57
"49","IF P86(S) THEN Human",1,1,120,6.28107348262236e-57
"50","IF P575(N) THEN Human",1,1,120,6.28107348262236e-57
"51","IF P48(S) AND P692(S) THEN Human",2,1,120,6.28107348262236e-57
"52","IF P692(S) AND P375(K) THEN Human",2,1,120,6.28107348262236e-57
"53","IF P621(V) THEN Avian",1,1,120,6.28107348262236e-57
"54","IF P109(T) AND P705(L) THEN Avian",2,1,120,6.28107348262236e-57
"55","IF P483(L) AND P621(V) THEN Avian",2,1,120,6.28107348262236e-57
"56","IF P621(V) AND P705(L) THEN Avian",2,1,120,6.28107348262236e-57
"57","IF P124(E) AND P621(V) THEN Avian",2,1,120,6.28107348262236e-57
"58","IF P710(R) AND P471(V) THEN Human",2,1,120,6.28107348262236e-57
"59","IF P13(D) AND P705(L) THEN Avian",2,1,120,6.28107348262236e-57
"60","IF P575(N) AND P692(S) THEN Human",2,1,120,6.28107348262236e-57
"61","IF P461(H) AND P275(A) THEN Human",2,1,120,6.28107348262236e-57
"62","IF P635(K) AND P375(K) THEN Human",2,1,120,6.28107348262236e-57
"63","IF P635(K) AND P710(R) THEN Human",2,1,120,6.28107348262236e-57
"64","IF P692(S) AND P669(T) THEN Human",2,1,120,6.28107348262236e-57
"65","IF P68(M) AND P705(L) THEN Avian",2,1,120,6.28107348262236e-57
"66","IF P48(S) AND P483(M) THEN Human",2,1,120,6.28107348262236e-57
"67","IF P48(S) AND P669(T) THEN Human",2,1,120,6.28107348262236e-57
"68","IF P48(S) AND P275(A) THEN Human",2,1,120,6.28107348262236e-57
"69","IF P682(A) AND P621(V) THEN Avian",2,1,120,6.28107348262236e-57
"70","IF P483(M) AND P375(K) THEN Human",2,1,120,6.28107348262236e-57
"71","IF P48(S) AND P471(V) THEN Human",2,1,120,6.28107348262236e-57
"72","IF P471(V) AND P375(K) THEN Human",2,1,120,6.28107348262236e-57
"73","IF P635(K) AND P461(H) THEN Human",2,1,120,6.28107348262236e-57
"74","IF P471(V) AND P275(A) THEN Human",2,1,120,6.28107348262236e-57
"75","IF P534(K) AND P13(D) THEN Avian",2,0.99587,120,6.28107348262236e-57
"76","IF P375(K) AND P461(H) THEN Human",2,1,120,6.28107348262236e-57
"77","IF P48(S) AND P461(H) THEN Human",2,1,120,6.28107348262236e-57
"78","IF P710(R) AND P461(H) THEN Human",2,1,120,6.28107348262236e-57
"79","IF P48(S) AND P684(I) THEN Human",2,1,120,6.28107348262236e-57
"80","IF P203(S) AND P275(A) THEN Human",2,1,120,6.28107348262236e-57
"81","IF P203(S) AND P471(V) THEN Human",2,1,120,6.28107348262236e-57
"82","IF P109(V) AND P692(S) THEN Human",2,1,120,6.28107348262236e-57
"83","IF P635(K) AND P669(T) THEN Human",2,1,120,6.28107348262236e-57
"84","IF P635(K) AND P203(S) THEN Human",2,1,120,6.28107348262236e-57
"85","IF P483(M) AND P461(H) THEN Human",2,1,120,6.28107348262236e-57
"86","IF P575(N) AND P461(H) THEN Human",2,1,120,6.28107348262236e-57
"87","IF P635(K) AND P275(A) THEN Human",2,1,120,6.28107348262236e-57
"88","IF P710(R) AND P575(N) THEN Human",2,1,120,6.28107348262236e-57
"89","IF P483(M) AND P109(V) THEN Human",2,1,120,6.28107348262236e-57
"90","IF P203(A) AND P71(I) THEN Avian",2,1,120,6.28107348262236e-57
"91","IF P635(E) AND P71(I) THEN Avian",2,1,120,6.28107348262236e-57
"92","IF P669(A) AND P231(V) THEN Avian",2,1,120,6.28107348262236e-57
"93","IF P124(E) AND P13(D) THEN Avian",2,0.99597,122,7.33061918759587e-57
"94","IF P203(A) AND P86(N) THEN Avian",2,0.99458,123,7.33061918759587e-57
"95","IF P635(E) AND P86(N) THEN Avian",2,0.992,124,3.96152349967333e-56
"96","IF P471(I) THEN Avian",1,1,119,5.6529661343601e-56
"97","IF P710(R) AND P669(T) THEN Human",2,1,119,5.6529661343601e-56
"98","IF P710(R) AND P375(K) THEN Human",2,1,119,5.6529661343601e-56
"99","IF P692(S) AND P684(I) THEN Human",2,1,119,5.6529661343601e-56
"100","IF P596(I) THEN Human",1,1,119,5.6529661343601e-56
"101","IF P68(T) THEN Human",1,1,119,5.6529661343601e-56
"102","IF P682(T) AND P471(V) THEN Human",2,1,119,5.6529661343601e-56
"103","IF P68(M) AND P621(V) THEN Avian",2,1,119,5.6529661343601e-56
"104","IF P690(G) AND P621(V) THEN Avian",2,1,119,5.6529661343601e-56
"105","IF P471(V) AND P684(I) THEN Human",2,1,119,5.6529661343601e-56
"106","IF P710(R) AND P275(A) THEN Human",2,1,119,5.6529661343601e-56
"107","IF P710(R) AND P682(T) THEN Human",2,1,119,5.6529661343601e-56
"108","IF P710(R) AND P684(I) THEN Human",2,1,119,5.6529661343601e-56
"109","IF P48(A) AND P471(I) THEN Avian",2,1,119,5.6529661343601e-56
"110","IF P203(A) AND P471(I) THEN Avian",2,1,119,5.6529661343601e-56
"111","IF P375(K) AND P275(A) THEN Human",2,1,119,5.6529661343601e-56
"112","IF P682(T) AND P575(N) THEN Human",2,1,119,5.6529661343601e-56
"113","IF P635(K) AND P682(T) THEN Human",2,1,119,5.6529661343601e-56
"114","IF P203(S) AND P375(K) THEN Human",2,1,119,5.6529661343601e-56
"115","IF P471(V) AND P669(T) THEN Human",2,1,119,5.6529661343601e-56
"116","IF P669(A) AND P705(L) THEN Avian",2,1,119,5.6529661343601e-56
"117","IF P71(I) AND P705(L) THEN Avian",2,1,119,5.6529661343601e-56
"118","IF P682(T) AND P692(S) THEN Human",2,1,119,5.6529661343601e-56
"119","IF P471(I) AND P705(L) THEN Avian",2,1,119,5.6529661343601e-56
"120","IF P692(S) AND P596(I) THEN Human",2,1,119,5.6529661343601e-56
"121","IF P48(S) AND P682(T) THEN Human",2,1,119,5.6529661343601e-56
"122","IF P203(S) AND P575(N) THEN Human",2,1,119,5.6529661343601e-56
"123","IF P203(S) AND P710(R) THEN Human",2,1,119,5.6529661343601e-56
"124","IF P461(H) AND P684(I) THEN Human",2,1,119,5.6529661343601e-56
"125","IF P682(T) AND P461(H) THEN Human",2,1,119,5.6529661343601e-56
"126","IF P669(T) AND P461(H) THEN Human",2,1,119,5.6529661343601e-56
"127","IF P85(T) AND P71(I) AND P705(L) THEN Avian",3,1,119,5.6529661343601e-56
"128","IF P575(N) AND P275(A) THEN Human",2,1,119,5.6529661343601e-56
"129","IF P48(S) AND P596(I) THEN Human",2,1,119,5.6529661343601e-56
"130","IF P710(R) AND P596(I) THEN Human",2,1,119,5.6529661343601e-56
"131","IF P483(M) AND P682(T) THEN Human",2,1,119,5.6529661343601e-56
"132","IF P635(K) AND P684(I) THEN Human",2,1,119,5.6529661343601e-56
"133","IF P483(M) AND P389(V) THEN Human",2,1,119,5.6529661343601e-56
"134","IF P109(V) AND P461(H) THEN Human",2,1,119,5.6529661343601e-56
"135","IF P203(A) AND P710(K) AND P705(L) THEN Avian",3,1,119,5.6529661343601e-56
"136","IF P483(M) AND P275(A) THEN Human",2,1,119,5.6529661343601e-56
"137","IF P483(M) AND P710(R) THEN Human",2,1,119,5.6529661343601e-56
"138","IF P203(A) AND P669(A) AND P705(L) THEN Avian",3,1,119,5.6529661343601e-56
"139","IF P203(S) AND P669(T) THEN Human",2,1,119,5.6529661343601e-56
"140","IF P109(V) AND P684(I) THEN Human",2,1,119,5.6529661343601e-56
"141","IF P86(S) AND P461(H) THEN Human",2,1,119,5.6529661343601e-56
"142","IF P483(M) AND P684(I) THEN Human",2,1,119,5.6529661343601e-56
"143","IF P635(K) AND P596(I) THEN Human",2,1,119,5.6529661343601e-56
"144","IF P635(K) AND P575(N) THEN Human",2,1,119,5.6529661343601e-56
"145","IF P124(D) AND P109(V) THEN Human",2,1,119,5.6529661343601e-56
"146","IF P635(K) AND P68(T) THEN Human",2,1,119,5.6529661343601e-56
"147","IF P483(L) THEN Avian",1,0.99264,122,7.27150835314793e-56
"148","IF P682(A) THEN Avian",1,0.99264,122,7.27150835314793e-56
"149","IF P575(D) AND P124(E) THEN Avian",2,0.99264,122,7.27150835314793e-56
"150","IF P203(A) AND P710(K) THEN Avian",2,0.99453,122,7.27150835314793e-56
"151","IF P86(N) AND P124(E) THEN Avian",2,0.99291,123,4.1214382963882e-55
"152","IF P710(K) THEN Avian",1,0.99194,123,4.1214382963882e-55
"153","IF P635(E) AND P575(D) THEN Avian",2,0.99194,123,4.1214382963882e-55
"154","IF P635(E) AND P124(E) THEN Avian",2,0.99194,123,4.1214382963882e-55
"155","IF P203(A) AND P682(A) THEN Avian",2,0.99194,123,4.1214382963882e-55
"156","IF P483(L) AND P575(D) THEN Avian",2,0.99194,123,4.1214382963882e-55
"157","IF P534(K) AND P621(V) THEN Avian",2,1,118,4.83642658161905e-55
"158","IF P109(V) THEN Human",1,1,118,4.83642658161905e-55
"159","IF P124(D) THEN Human",1,1,118,4.83642658161905e-55
"160","IF P669(T) AND P375(K) THEN Human",2,1,118,4.83642658161905e-55
"161","IF P48(S) AND P375(K) THEN Human",2,1,118,4.83642658161905e-55
"162","IF P669(T) AND P275(A) THEN Human",2,1,118,4.83642658161905e-55
"163","IF P692(A) AND P705(L) THEN Avian",2,1,118,4.83642658161905e-55
"164","IF P85(T) AND P621(V) THEN Avian",2,1,118,4.83642658161905e-55
"165","IF P684(I) AND P275(A) THEN Human",2,1,118,4.83642658161905e-55
"166","IF P375(K) AND P684(I) THEN Human",2,1,118,4.83642658161905e-55
"167","IF P682(T) AND P684(I) THEN Human",2,1,118,4.83642658161905e-55
"168","IF P575(D) AND P471(I) THEN Avian",2,1,118,4.83642658161905e-55
"169","IF P86(N) AND P471(I) THEN Avian",2,1,118,4.83642658161905e-55
"170","IF P203(S) AND P682(T) THEN Human",2,1,118,4.83642658161905e-55
"171","IF P68(T) AND P461(H) THEN Human",2,1,118,4.83642658161905e-55
"172","IF P124(D) AND P534(R) THEN Human",2,1,118,4.83642658161905e-55
"173","IF P710(R) AND P68(T) THEN Human",2,1,118,4.83642658161905e-55
"174","IF P669(T) AND P684(I) THEN Human",2,1,118,4.83642658161905e-55
"175","IF P682(T) AND P375(K) THEN Human",2,1,118,4.83642658161905e-55
"176","IF P575(N) AND P375(K) THEN Human",2,1,118,4.83642658161905e-55
"177","IF P682(T) AND P275(A) THEN Human",2,1,118,4.83642658161905e-55
"178","IF P692(S) AND P71(V) THEN Human",2,1,118,4.83642658161905e-55
"179","IF P86(S) AND P471(V) THEN Human",2,1,118,4.83642658161905e-55
"180","IF P471(I) AND P124(E) THEN Avian",2,1,118,4.83642658161905e-55
"181","IF P682(T) AND P669(T) THEN Human",2,1,118,4.83642658161905e-55
"182","IF P669(T) AND P596(I) THEN Human",2,1,118,4.83642658161905e-55
"183","IF P692(S) AND P68(T) THEN Human",2,1,118,4.83642658161905e-55
"184","IF P575(N) AND P684(I) THEN Human",2,1,118,4.83642658161905e-55
"185","IF P575(N) AND P669(T) THEN Human",2,1,118,4.83642658161905e-55
"186","IF P86(S) AND P375(K) THEN Human",2,1,118,4.83642658161905e-55
"187","IF P461(H) AND P596(I) THEN Human",2,1,118,4.83642658161905e-55
"188","IF P710(R) AND P109(V) THEN Human",2,1,118,4.83642658161905e-55
"189","IF P471(V) AND P109(V) THEN Human",2,1,118,4.83642658161905e-55
"190","IF P109(V) AND P669(T) THEN Human",2,1,118,4.83642658161905e-55
"191","IF P483(L) AND P705(L) AND P231(V) THEN Avian",3,1,118,4.83642658161905e-55
"192","IF P86(S) AND P669(T) THEN Human",2,1,118,4.83642658161905e-55
"193","IF P471(V) AND P68(T) THEN Human",2,1,118,4.83642658161905e-55
"194","IF P86(S) AND P710(R) THEN Human",2,1,118,4.83642658161905e-55
"195","IF P471(V) AND P596(I) THEN Human",2,1,118,4.83642658161905e-55
"196","IF P575(D) AND P669(A) AND P705(L) THEN Avian",3,1,118,4.83642658161905e-55
"197","IF P682(T) AND P68(T) THEN Human",2,1,118,4.83642658161905e-55
"198","IF P483(M) AND P68(T) THEN Human",2,1,118,4.83642658161905e-55
"199","IF P483(M) AND P596(I) THEN Human",2,1,118,4.83642658161905e-55
"200","IF P86(S) AND P575(N) THEN Human",2,1,118,4.83642658161905e-55
"201","IF P483(L) AND P471(I) THEN Avian",2,1,118,4.83642658161905e-55
"202","IF P635(E) AND P471(I) THEN Avian",2,1,118,4.83642658161905e-55
"203","IF P203(S) AND P684(I) THEN Human",2,1,118,4.83642658161905e-55
"204","IF P669(A) AND P68(M) THEN Avian",2,1,118,4.83642658161905e-55
"205","IF P86(N) AND P669(A) THEN Avian",2,0.99587,120,6.80670015827354e-55
"206","IF P375(R) AND P705(L) THEN Avian",2,0.99587,120,6.80670015827354e-55
"207","IF P669(T) AND P68(T) THEN Human",2,1,117,3.94550589553141e-54
"208","IF P275(A) AND P596(I) THEN Human",2,1,117,3.94550589553141e-54
"209","IF P692(S) AND P389(V) THEN Human",2,1,117,3.94550589553141e-54
"210","IF P710(K) AND P621(V) THEN Avian",2,1,117,3.94550589553141e-54
"211","IF P471(V) AND P71(V) THEN Human",2,1,117,3.94550589553141e-54
"212","IF P471(V) AND P389(V) THEN Human",2,1,117,3.94550589553141e-54
"213","IF P710(R) AND P71(V) THEN Human",2,1,117,3.94550589553141e-54
"214","IF P682(A) AND P471(I) THEN Avian",2,1,117,3.94550589553141e-54
"215","IF P471(I) AND P690(G) THEN Avian",2,1,117,3.94550589553141e-54
"216","IF P86(S) AND P275(A) THEN Human",2,1,117,3.94550589553141e-54
"217","IF P68(T) AND P596(I) THEN Human",2,1,117,3.94550589553141e-54
"218","IF P692(S) AND P534(R) THEN Human",2,1,117,3.94550589553141e-54
"219","IF P575(D) AND P621(V) THEN Avian",2,1,117,3.94550589553141e-54
"220","IF P124(D) AND P375(K) THEN Human",2,1,117,3.94550589553141e-54
"221","IF P471(I) AND P534(K) THEN Avian",2,1,117,3.94550589553141e-54
"222","IF P471(V) AND P124(D) THEN Human",2,1,117,3.94550589553141e-54
"223","IF P275(T) AND P705(L) THEN Avian",2,1,117,3.94550589553141e-54
"224","IF P375(K) AND P68(T) THEN Human",2,1,117,3.94550589553141e-54
"225","IF P68(T) AND P275(A) THEN Human",2,1,117,3.94550589553141e-54
"226","IF P124(E) AND P275(T) THEN Avian",2,1,117,3.94550589553141e-54
"227","IF P710(K) AND P471(I) THEN Avian",2,1,117,3.94550589553141e-54
"228","IF P48(S) AND P71(V) THEN Human",2,1,117,3.94550589553141e-54
"229","IF P471(I) AND P375(R) THEN Avian",2,1,117,3.94550589553141e-54
"230","IF P635(K) AND P389(V) THEN Human",2,1,117,3.94550589553141e-54
"231","IF P471(V) AND P534(R) THEN Human",2,1,117,3.94550589553141e-54
"232","IF P375(K) AND P534(R) THEN Human",2,1,117,3.94550589553141e-54
"233","IF P461(H) AND P389(V) THEN Human",2,1,117,3.94550589553141e-54
"234","IF P461(H) AND P71(V) THEN Human",2,1,117,3.94550589553141e-54
"235","IF P461(H) AND P534(R) THEN Human",2,1,117,3.94550589553141e-54
"236","IF P48(S) AND P389(V) THEN Human",2,1,117,3.94550589553141e-54
"237","IF P635(K) AND P71(V) THEN Human",2,1,117,3.94550589553141e-54
"238","IF P48(S) AND P534(R) THEN Human",2,1,117,3.94550589553141e-54
"239","IF P483(M) AND P534(R) THEN Human",2,1,117,3.94550589553141e-54
"240","IF P86(S) AND P682(T) THEN Human",2,1,117,3.94550589553141e-54
"241","IF P471(I) AND P85(T) THEN Avian",2,1,117,3.94550589553141e-54
"242","IF P86(S) AND P684(I) THEN Human",2,1,117,3.94550589553141e-54
"243","IF P86(N) AND P275(T) THEN Avian",2,1,117,3.94550589553141e-54
"244","IF P635(K) AND P534(R) THEN Human",2,1,117,3.94550589553141e-54
"245","IF P375(K) AND P596(I) THEN Human",2,1,117,3.94550589553141e-54
"246","IF P124(D) AND P692(S) THEN Human",2,1,117,3.94550589553141e-54
"247","IF P86(N) AND P68(M) AND P705(L) THEN Avian",3,1,117,3.94550589553141e-54
"248","IF P124(D) AND P461(H) THEN Human",2,1,117,3.94550589553141e-54
"249","IF P124(D) AND P669(T) THEN Human",2,1,117,3.94550589553141e-54
"250","IF P109(V) AND P534(R) THEN Human",2,1,117,3.94550589553141e-54
"251","IF P682(T) AND P596(I) THEN Human",2,1,117,3.94550589553141e-54
"252","IF P203(S) AND P124(D) THEN Human",2,1,117,3.94550589553141e-54
"253","IF P86(S) AND P596(I) THEN Human",2,1,117,3.94550589553141e-54
"254","IF P48(A) THEN Avian",1,0.99269,122,4.02847517633643e-54
"255","IF P203(A) THEN Avian",1,0.99269,122,4.02847517633643e-54
"256","IF P710(K) AND P124(E) THEN Avian",2,0.99286,122,4.02847517633643e-54
"257","IF P635(E) THEN Avian",1,0.99269,122,4.02847517633643e-54
"258","IF P86(N) AND P575(D) THEN Avian",2,0.99289,122,4.02847517633643e-54
"259","IF P682(A) AND P109(T) THEN Avian",2,0.99187,122,4.02847517633643e-54
"260","IF P86(N) AND P705(L) THEN Avian",2,0.99464,122,4.02847517633643e-54
"261","IF P86(N) AND P483(L) THEN Avian",2,0.99388,122,4.02847517633643e-54
"262","IF P124(E) AND P109(T) THEN Avian",2,0.99185,122,4.02847517633643e-54
"263","IF P48(A) AND P575(D) THEN Avian",2,0.99348,122,4.02847517633643e-54
"264","IF P85(T) THEN Avian",1,0.99187,122,4.02847517633643e-54
"265","IF P483(L) AND P534(K) THEN Avian",2,0.99187,122,4.02847517633643e-54
"266","IF P48(A) AND P109(T) THEN Avian",2,0.99187,122,4.02847517633643e-54
"267","IF P48(A) AND P124(E) THEN Avian",2,0.99187,122,4.02847517633643e-54
"268","IF P203(A) AND P483(L) THEN Avian",2,0.99187,122,4.02847517633643e-54
"269","IF P710(K) AND P534(K) THEN Avian",2,0.99272,120,6.03611161679986e-54
"270","IF P124(E) AND P692(A) THEN Avian",2,0.99444,120,6.03611161679986e-54
"271","IF P710(K) AND P692(A) THEN Avian",2,0.9958,119,6.03611161679986e-54
"272","IF P203(A) AND P375(R) THEN Avian",2,0.99442,120,6.03611161679986e-54
"273","IF P109(T) AND P534(K) THEN Avian",2,0.9958,119,6.03611161679986e-54
"274","IF P48(A) AND P85(T) THEN Avian",2,0.99576,120,6.03611161679986e-54
"275","IF P13(D) AND P690(G) THEN Avian",2,0.99583,120,6.03611161679986e-54
"276","IF P71(V) AND P275(A) THEN Human",2,1,116,3.07749459851448e-53
"277","IF P705(L) AND P389(I) THEN Avian",2,1,116,3.07749459851448e-53
"278","IF P461(P) AND P621(V) THEN Avian",2,1,116,3.07749459851448e-53
"279","IF P461(P) AND P705(L) THEN Avian",2,1,116,3.07749459851448e-53
"280","IF P375(R) AND P621(V) THEN Avian",2,1,116,3.07749459851448e-53
"281","IF P375(K) AND P71(V) THEN Human",2,1,116,3.07749459851448e-53
"282","IF P275(A) AND P389(V) THEN Human",2,1,116,3.07749459851448e-53
"283","IF P71(V) AND P684(I) THEN Human",2,1,116,3.07749459851448e-53
"284","IF P710(R) AND P534(R) THEN Human",2,1,116,3.07749459851448e-53
"285","IF P684(I) AND P389(V) THEN Human",2,1,116,3.07749459851448e-53
"286","IF P710(R) AND P389(V) THEN Human",2,1,116,3.07749459851448e-53
"287","IF P471(I) AND P109(T) THEN Avian",2,1,116,3.07749459851448e-53
"288","IF P471(I) AND P231(V) THEN Avian",2,1,116,3.07749459851448e-53
"289","IF P86(S) AND P109(V) THEN Human",2,1,116,3.07749459851448e-53
"290","IF P682(T) AND P71(V) THEN Human",2,1,116,3.07749459851448e-53
"291","IF P621(V) AND P231(V) THEN Avian",2,1,116,3.07749459851448e-53
"292","IF P669(T) AND P71(V) THEN Human",2,1,116,3.07749459851448e-53
"293","IF P375(K) AND P389(V) THEN Human",2,1,116,3.07749459851448e-53
"294","IF P575(N) AND P389(V) THEN Human",2,1,116,3.07749459851448e-53
"295","IF P534(R) AND P275(A) THEN Human",2,1,116,3.07749459851448e-53
"296","IF P575(D) AND P275(T) THEN Avian",2,1,116,3.07749459851448e-53
"297","IF P483(L) AND P275(T) THEN Avian",2,1,116,3.07749459851448e-53
"298","IF P275(T) AND P231(V) THEN Avian",2,1,116,3.07749459851448e-53
"299","IF P13(D) AND P275(T) THEN Avian",2,1,116,3.07749459851448e-53
"300","IF P68(T) AND P684(I) THEN Human",2,1,116,3.07749459851448e-53
"301","IF P575(N) AND P71(V) THEN Human",2,1,116,3.07749459851448e-53
"302","IF P684(I) AND P596(I) THEN Human",2,1,116,3.07749459851448e-53
"303","IF P203(S) AND P71(V) THEN Human",2,1,116,3.07749459851448e-53
"304","IF P483(M) AND P71(V) THEN Human",2,1,116,3.07749459851448e-53
"305","IF P203(S) AND P534(R) THEN Human",2,1,116,3.07749459851448e-53
"306","IF P682(T) AND P124(D) THEN Human",2,1,116,3.07749459851448e-53
"307","IF P635(E) AND P471(I) AND P534(K) THEN Avian",3,1,116,3.07749459851448e-53
"308","IF P71(I) AND P621(V) THEN Avian",2,1,116,3.07749459851448e-53
"309","IF P124(D) AND P684(I) THEN Human",2,1,116,3.07749459851448e-53
"310","IF P203(A) AND P682(A) AND P621(V) THEN Avian",3,1,116,3.07749459851448e-53
"311","IF P682(A) AND P124(E) AND P621(V) THEN Avian",3,1,116,3.07749459851448e-53
"312","IF P68(T) AND P389(V) THEN Human",2,1,116,3.07749459851448e-53
"313","IF P124(D) AND P275(A) THEN Human",2,1,116,3.07749459851448e-53
"314","IF P692(A) AND P621(V) THEN Avian",2,1,116,3.07749459851448e-53
"315","IF P109(V) AND P375(K) THEN Human",2,1,116,3.07749459851448e-53
"316","IF P635(K) AND P690(S) THEN Human",2,1,116,3.07749459851448e-53
"317","IF P86(S) AND P68(T) THEN Human",2,1,116,3.07749459851448e-53
"318","IF P690(G) AND P275(T) THEN Avian",2,1,116,3.07749459851448e-53
"319","IF P203(S) AND P389(V) THEN Human",2,1,116,3.07749459851448e-53
"320","IF P682(T) AND P109(V) THEN Human",2,1,116,3.07749459851448e-53
"321","IF P109(V) AND P275(A) THEN Human",2,1,116,3.07749459851448e-53
"322","IF P13(D) THEN Avian",1,0.99259,121,3.71579659535789e-53
"323","IF P710(K) AND P109(T) THEN Avian",2,0.99178,121,3.71579659535789e-53
"324","IF P109(T) THEN Avian",1,0.99259,121,3.71579659535789e-53
"325","IF P710(R) THEN Human",1,0.99259,121,3.71579659535789e-53
"326","IF P461(H) THEN Human",1,0.99261,121,3.71579659535789e-53
"327","IF P86(N) AND P231(V) THEN Avian",2,0.99283,121,3.71579659535789e-53
"328","IF P710(K) AND P575(D) THEN Avian",2,0.99294,121,3.71579659535789e-53
"329","IF P682(A) AND P690(G) THEN Avian",2,0.9918,121,3.71579659535789e-53
"330","IF P86(N) AND P710(K) THEN Avian",2,0.99272,121,3.71579659535789e-53
"331","IF P575(D) AND P534(K) THEN Avian",2,0.9927,121,3.71579659535789e-53
"332","IF P86(N) AND P85(T) THEN Avian",2,0.99316,121,3.71579659535789e-53
"333","IF P86(N) AND P534(K) THEN Avian",2,0.99281,121,3.71579659535789e-53
"334","IF P86(N) AND P68(M) THEN Avian",2,0.99454,121,3.71579659535789e-53
"335","IF P86(N) AND P682(A) THEN Avian",2,0.9918,121,3.71579659535789e-53
"336","IF P13(D) AND P231(V) THEN Avian",2,0.9918,121,3.71579659535789e-53
"337","IF P48(A) AND P534(K) THEN Avian",2,0.99178,121,3.71579659535789e-53
"338","IF P124(E) AND P375(R) THEN Avian",2,0.9918,121,3.71579659535789e-53
"339","IF P483(L) AND P231(V) THEN Avian",2,0.9918,121,3.71579659535789e-53
"340","IF P48(A) AND P86(N) THEN Avian",2,0.99378,121,3.71579659535789e-53
"341","IF P203(A) AND P534(K) THEN Avian",2,0.99382,121,3.71579659535789e-53
"342","IF P483(L) AND P13(D) THEN Avian",2,0.9918,121,3.71579659535789e-53
"343","IF P483(L) AND P124(E) THEN Avian",2,0.9918,121,3.71579659535789e-53
"344","IF P483(L) AND P710(K) THEN Avian",2,0.9918,121,3.71579659535789e-53
"345","IF P275(T) THEN Avian",1,1,115,2.30079358079415e-52
"346","IF P669(A) AND P621(V) THEN Avian",2,1,115,2.30079358079415e-52
"347","IF P682(T) AND P389(V) THEN Human",2,1,115,2.30079358079415e-52
"348","IF P669(T) AND P389(V) THEN Human",2,1,115,2.30079358079415e-52
"349","IF P471(I) AND P71(I) THEN Avian",2,1,115,2.30079358079415e-52
"350","IF P203(S) AND P109(V) THEN Human",2,1,115,2.30079358079415e-52
"351","IF P682(T) AND P534(R) THEN Human",2,1,115,2.30079358079415e-52
"352","IF P124(D) AND P68(T) THEN Human",2,1,115,2.30079358079415e-52
"353","IF P124(D) AND P690(S) THEN Human",2,1,115,2.30079358079415e-52
"354","IF P710(K) AND P275(T) THEN Avian",2,1,115,2.30079358079415e-52
"355","IF P48(A) AND P275(T) THEN Avian",2,1,115,2.30079358079415e-52
"356","IF P669(T) AND P534(R) THEN Human",2,1,115,2.30079358079415e-52
"357","IF P575(N) AND P534(R) THEN Human",2,1,115,2.30079358079415e-52
"358","IF P534(R) AND P684(I) THEN Human",2,1,115,2.30079358079415e-52
"359","IF P471(I) AND P68(M) THEN Avian",2,1,115,2.30079358079415e-52
"360","IF P124(D) AND P71(V) THEN Human",2,1,115,2.30079358079415e-52
"361","IF P596(I) AND P389(V) THEN Human",2,1,115,2.30079358079415e-52
"362","IF P48(S) AND P690(S) THEN Human",2,1,115,2.30079358079415e-52
"363","IF P471(I) AND P13(D) THEN Avian",2,1,115,2.30079358079415e-52
"364","IF P710(K) AND P471(I) AND P534(K) THEN Avian",3,1,115,2.30079358079415e-52
"365","IF P461(H) AND P85(M) THEN Human",2,1,115,2.30079358079415e-52
"366","IF P203(A) AND P275(T) THEN Avian",2,1,115,2.30079358079415e-52
"367","IF P575(N) AND P68(T) THEN Human",2,1,115,2.30079358079415e-52
"368","IF P124(D) AND P231(I) THEN Human",2,1,115,2.30079358079415e-52
"369","IF P375(R) AND P275(T) THEN Avian",2,1,115,2.30079358079415e-52
"370","IF P710(K) AND P85(T) THEN Avian",2,0.99277,120,3.24684886874683e-52
"371","IF P669(T) THEN Human",1,0.99255,120,3.24684886874683e-52
"372","IF P68(M) THEN Avian",1,0.99253,120,3.24684886874683e-52
"373","IF P575(D) AND P85(T) THEN Avian",2,0.99274,120,3.24684886874683e-52
"374","IF P682(T) THEN Human",1,0.99255,120,3.24684886874683e-52
"375","IF P575(D) AND P231(V) THEN Avian",2,0.99253,120,3.24684886874683e-52
"376","IF P86(N) AND P375(R) THEN Avian",2,0.99289,120,3.24684886874683e-52
"377","IF P124(E) AND P85(T) THEN Avian",2,0.99267,120,3.24684886874683e-52
"378","IF P86(N) AND P690(G) THEN Avian",2,0.99266,120,3.24684886874683e-52
"379","IF P86(N) AND P109(T) THEN Avian",2,0.9938,120,3.24684886874683e-52
"380","IF P710(K) AND P682(A) THEN Avian",2,0.99176,120,3.24684886874683e-52
"381","IF P575(D) AND P690(G) THEN Avian",2,0.99279,120,3.24684886874683e-52
"382","IF P682(A) AND P575(D) THEN Avian",2,0.99446,120,3.24684886874683e-52
"383","IF P86(N) AND P13(D) THEN Avian",2,0.99583,120,3.24684886874683e-52
"384","IF P635(E) AND P375(R) THEN Avian",2,0.99583,120,3.24684886874683e-52
"385","IF P48(A) AND P710(K) THEN Avian",2,0.99442,120,3.24684886874683e-52
"386","IF P483(L) AND P85(T) THEN Avian",2,0.99174,120,3.24684886874683e-52
"387","IF P203(A) AND P575(D) THEN Avian",2,0.99174,120,3.24684886874683e-52
"388","IF P68(M) AND P690(G) THEN Avian",2,0.99156,118,4.08983504667754e-52
"389","IF P534(K) AND P71(I) THEN Avian",2,0.99297,118,4.08983504667754e-52
"390","IF P682(A) AND P375(R) THEN Avian",2,0.99156,118,4.08983504667754e-52
"391","IF P692(A) AND P534(K) THEN Avian",2,0.99576,118,4.08983504667754e-52
"392","IF P692(S) THEN Human",1,0.9854,122,1.36233759704324e-51
"393","IF P534(R) AND P71(V) THEN Human",2,1,114,1.65238811711584e-51
"394","IF P461(H) AND P690(S) THEN Human",2,1,114,1.65238811711584e-51
"395","IF P85(M) THEN Human",1,1,114,1.65238811711584e-51
"396","IF P692(S) AND P690(S) THEN Human",2,1,114,1.65238811711584e-51
"397","IF P68(T) AND P534(R) THEN Human",2,1,114,1.65238811711584e-51
"398","IF P86(S) AND P534(R) THEN Human",2,1,114,1.65238811711584e-51
"399","IF P575(N) AND P109(V) THEN Human",2,1,114,1.65238811711584e-51
"400","IF P109(V) AND P71(V) THEN Human",2,1,114,1.65238811711584e-51
"401","IF P621(V) AND P389(I) THEN Avian",2,1,114,1.65238811711584e-51
"402","IF P471(I) AND P389(I) THEN Avian",2,1,114,1.65238811711584e-51
"403","IF P124(D) AND P389(V) THEN Human",2,1,114,1.65238811711584e-51
"404","IF P682(A) AND P275(T) THEN Avian",2,1,114,1.65238811711584e-51
"405","IF P669(A) AND P275(T) THEN Avian",2,1,114,1.65238811711584e-51
"406","IF P461(P) AND P71(I) THEN Avian",2,0.99565,114,1.65238811711584e-51
"407","IF P86(S) AND P71(V) THEN Human",2,1,114,1.65238811711584e-51
"408","IF P68(T) AND P71(V) THEN Human",2,1,114,1.65238811711584e-51
"409","IF P483(M) AND P690(S) THEN Human",2,1,114,1.65238811711584e-51
"410","IF P692(S) AND P85(M) THEN Human",2,1,114,1.65238811711584e-51
"411","IF P471(V) AND P85(M) THEN Human",2,1,114,1.65238811711584e-51
"412","IF P109(V) AND P690(S) THEN Human",2,1,114,1.65238811711584e-51
"413","IF P471(I) AND P669(A) THEN Avian",2,1,114,1.65238811711584e-51
"414","IF P85(M) AND P275(A) THEN Human",2,1,114,1.65238811711584e-51
"415","IF P85(T) AND P275(T) THEN Avian",2,1,114,1.65238811711584e-51
"416","IF P635(E) AND P275(T) THEN Avian",2,1,114,1.65238811711584e-51
"417","IF P575(N) AND P85(M) THEN Human",2,1,114,1.65238811711584e-51
"418","IF P471(I) AND P621(V) THEN Avian",2,1,114,1.65238811711584e-51
"419","IF P682(A) AND P109(T) AND P621(V) THEN Avian",3,1,114,1.65238811711584e-51
"420","IF P71(V) AND P596(I) THEN Human",2,1,114,1.65238811711584e-51
"421","IF P109(V) AND P231(I) THEN Human",2,1,114,1.65238811711584e-51
"422","IF P710(K) AND P471(I) AND P124(E) THEN Avian",3,1,114,1.65238811711584e-51
"423","IF P684(T) AND P705(L) THEN Avian",2,1,114,1.65238811711584e-51
"424","IF P635(E) AND P596(A) THEN Avian",2,1,114,1.65238811711584e-51
"425","IF P124(E) AND P596(A) THEN Avian",2,1,114,1.65238811711584e-51
"426","IF P534(R) AND P596(I) THEN Human",2,1,114,1.65238811711584e-51
"427","IF P669(A) THEN Avian",1,0.99247,119,2.69684799157216e-51
"428","IF P710(K) AND P690(G) THEN Avian",2,0.99261,119,2.69684799157216e-51
"429","IF P692(A) AND P231(V) THEN Avian",2,0.9944,119,2.69684799157216e-51
"430","IF P85(T) AND P231(V) THEN Avian",2,0.99266,119,2.69684799157216e-51
"431","IF P710(K) AND P375(R) THEN Avian",2,0.99266,119,2.69684799157216e-51
"432","IF P86(N) AND P692(A) THEN Avian",2,0.99167,119,2.69684799157216e-51
"433","IF P124(E) AND P71(I) THEN Avian",2,0.99259,119,2.69684799157216e-51
"434","IF P86(N) AND P71(I) THEN Avian",2,0.99272,119,2.69684799157216e-51
"435","IF P575(D) AND P375(R) THEN Avian",2,0.99271,119,2.69684799157216e-51
"436","IF P710(K) AND P231(V) THEN Avian",2,0.99166,119,2.69684799157216e-51
"437","IF P85(T) AND P534(K) THEN Avian",2,0.99283,119,2.69684799157216e-51
"438","IF P575(D) AND P669(A) THEN Avian",2,0.99167,119,2.69684799157216e-51
"439","IF P124(E) AND P68(M) THEN Avian",2,0.99167,119,2.69684799157216e-51
"440","IF P575(D) AND P109(T) THEN Avian",2,0.99166,119,2.69684799157216e-51
"441","IF P85(T) AND P13(D) THEN Avian",2,0.99167,119,2.69684799157216e-51
"442","IF P86(N) THEN Avian",1,0.99167,119,2.69684799157216e-51
"443","IF P48(A) AND P690(G) THEN Avian",2,0.99437,119,2.69684799157216e-51
"444","IF P682(A) AND P124(E) THEN Avian",2,0.99167,119,2.69684799157216e-51
"445","IF P692(A) AND P690(G) THEN Avian",2,0.99428,117,3.14298999638027e-51
"446","IF P575(D) THEN Avian",1,0.984,123,4.21323454047188e-51
"447","IF P71(V) AND P389(V) THEN Human",2,1,113,1.14230308965834e-50
"448","IF P86(S) AND P690(S) THEN Human",2,1,113,1.14230308965834e-50
"449","IF P375(K) AND P690(S) THEN Human",2,1,113,1.14230308965834e-50
"450","IF P534(R) AND P690(S) THEN Human",2,1,113,1.14230308965834e-50
"451","IF P375(K) AND P85(M) THEN Human",2,1,113,1.14230308965834e-50
"452","IF P471(I) AND P692(A) THEN Avian",2,1,113,1.14230308965834e-50
"453","IF P534(K) AND P275(T) THEN Avian",2,1,113,1.14230308965834e-50
"454","IF P692(A) AND P275(T) THEN Avian",2,1,113,1.14230308965834e-50
"455","IF P109(T) AND P275(T) THEN Avian",2,1,113,1.14230308965834e-50
"456","IF P471(V) AND P690(S) THEN Human",2,1,113,1.14230308965834e-50
"457","IF P710(R) AND P85(M) THEN Human",2,1,113,1.14230308965834e-50
"458","IF P710(R) AND P690(S) THEN Human",2,1,113,1.14230308965834e-50
"459","IF P690(S) AND P275(A) THEN Human",2,1,113,1.14230308965834e-50
"460","IF P203(A) AND P596(A) AND P705(L) THEN Avian",3,1,113,1.14230308965834e-50
"461","IF P682(T) AND P85(M) THEN Human",2,1,113,1.14230308965834e-50
"462","IF P109(V) AND P389(V) THEN Human",2,1,113,1.14230308965834e-50
"463","IF P575(N) AND P690(S) THEN Human",2,1,113,1.14230308965834e-50
"464","IF P690(S) AND P596(I) THEN Human",2,1,113,1.14230308965834e-50
"465","IF P710(K) AND P471(I) AND P621(V) THEN Avian",3,1,113,1.14230308965834e-50
"466","IF P48(S) AND P85(M) THEN Human",2,1,113,1.14230308965834e-50
"467","IF P682(A) AND P684(T) THEN Avian",2,1,113,1.14230308965834e-50
"468","IF P575(D) AND P68(M) THEN Avian",2,0.99177,120,1.17299194167444e-50
"469","IF P109(T) AND P231(V) THEN Avian",2,0.99177,120,1.17299194167444e-50
"470","IF P635(E) AND P534(K) THEN Avian",2,0.99177,120,1.17299194167444e-50
"471","IF P635(E) AND P690(G) THEN Avian",2,0.99177,120,1.17299194167444e-50
"472","IF P692(A) THEN Avian",1,0.99241,118,2.13578644151919e-50
"473","IF P710(K) AND P71(I) THEN Avian",2,0.99278,118,2.13578644151919e-50
"474","IF P85(T) AND P690(G) THEN Avian",2,0.99266,118,2.13578644151919e-50
"475","IF P575(D) AND P692(A) THEN Avian",2,0.9916,118,2.13578644151919e-50
"476","IF P48(A) AND P389(I) THEN Avian",2,0.9916,118,2.13578644151919e-50
"477","IF P682(A) AND P692(A) THEN Avian",2,0.9916,118,2.13578644151919e-50
"478","IF P575(D) AND P71(I) THEN Avian",2,0.9925,118,2.13578644151919e-50
"479","IF P483(L) AND P389(I) THEN Avian",2,0.9916,118,2.13578644151919e-50
"480","IF P48(A) AND P682(A) THEN Avian",2,0.9916,118,2.13578644151919e-50
"481","IF P635(E) AND P710(K) THEN Avian",2,0.9916,118,2.13578644151919e-50
"482","IF P68(M) AND P534(K) THEN Avian",2,0.9916,118,2.13578644151919e-50
"483","IF P48(A) AND P375(R) THEN Avian",2,0.9916,118,2.13578644151919e-50
"484","IF P48(A) AND P231(V) THEN Avian",2,0.9916,118,2.13578644151919e-50
"485","IF P669(A) AND P534(K) THEN Avian",2,0.99141,116,2.31500867489211e-50
"486","IF P109(T) AND P71(I) THEN Avian",2,0.99141,116,2.31500867489211e-50
"487","IF P13(D) AND P389(I) THEN Avian",2,0.99142,116,2.31500867489211e-50
"488","IF P461(P) AND P231(V) THEN Avian",2,0.99565,116,2.31500867489211e-50
"489","IF P690(S) AND P684(I) THEN Human",2,1,112,7.61535393105561e-50
"490","IF P85(M) AND P684(I) THEN Human",2,1,112,7.61535393105561e-50
"491","IF P203(S) AND P690(S) THEN Human",2,1,112,7.61535393105561e-50
"492","IF P471(V) AND P231(I) THEN Human",2,1,112,7.61535393105561e-50
"493","IF P375(K) AND P231(I) THEN Human",2,1,112,7.61535393105561e-50
"494","IF P471(I) AND P461(P) THEN Avian",2,1,112,7.61535393105561e-50
"495","IF P682(T) AND P690(S) THEN Human",2,1,112,7.61535393105561e-50
"496","IF P471(I) AND P275(T) THEN Avian",2,1,112,7.61535393105561e-50
"497","IF P71(I) AND P275(T) THEN Avian",2,1,112,7.61535393105561e-50
"498","IF P534(R) AND P231(I) THEN Human",2,1,112,7.61535393105561e-50
"499","IF P275(T) AND P596(A) THEN Avian",2,1,112,7.61535393105561e-50
"500","IF P68(M) AND P275(T) THEN Avian",2,1,112,7.61535393105561e-50
"501","IF P692(S) AND P13(N) THEN Human",2,1,112,7.61535393105561e-50
"502","IF P669(T) AND P690(S) THEN Human",2,1,112,7.61535393105561e-50
"503","IF P461(H) AND P231(I) THEN Human",2,1,112,7.61535393105561e-50
"504","IF P68(T) AND P690(S) THEN Human",2,1,112,7.61535393105561e-50
"505","IF P684(T) AND P621(V) THEN Avian",2,1,112,7.61535393105561e-50
"506","IF P669(A) AND P275(T) AND P705(L) THEN Avian",3,1,112,7.61535393105561e-50
"507","IF P48(S) AND P231(I) THEN Human",2,1,112,7.61535393105561e-50
"508","IF P68(M) AND P461(P) AND P705(L) THEN Avian",3,1,112,7.61535393105561e-50
"509","IF P109(T) AND P684(T) THEN Avian",2,0.99554,112,7.61535393105561e-50
"510","IF P461(P) AND P389(I) THEN Avian",2,1,112,7.61535393105561e-50
"511","IF P203(S) AND P231(I) THEN Human",2,1,112,7.61535393105561e-50
"512","IF P71(I) AND P690(G) THEN Avian",2,0.99246,117,1.61715366515709e-49
"513","IF P71(I) AND P231(V) THEN Avian",2,0.99243,117,1.61715366515709e-49
"514","IF P534(R) THEN Human",1,0.99237,117,1.61715366515709e-49
"515","IF P85(T) AND P71(I) THEN Avian",2,0.99249,117,1.61715366515709e-49
"516","IF P375(R) AND P85(T) THEN Avian",2,0.99292,117,1.61715366515709e-49
"517","IF P692(A) AND P85(T) THEN Avian",2,0.99152,117,1.61715366515709e-49
"518","IF P669(A) AND P375(R) THEN Avian",2,0.99569,117,1.61715366515709e-49
"519","IF P203(A) AND P231(V) THEN Avian",2,0.99152,117,1.61715366515709e-49
"520","IF P109(T) AND P68(M) THEN Avian",2,0.99152,117,1.61715366515709e-49
"521","IF P575(D) AND P596(A) THEN Avian",2,0.99569,114,1.63795586647263e-49
"522","IF P71(V) AND P690(S) THEN Human",2,1,111,4.90428793159987e-49
"523","IF P596(A) AND P705(L) THEN Avian",2,1,111,4.90428793159987e-49
"524","IF P710(R) AND P13(N) THEN Human",2,1,111,4.90428793159987e-49
"525","IF P471(V) AND P13(N) THEN Human",2,1,111,4.90428793159987e-49
"526","IF P461(H) AND P13(N) THEN Human",2,1,111,4.90428793159987e-49
"527","IF P710(R) AND P231(I) THEN Human",2,1,111,4.90428793159987e-49
"528","IF P48(S) AND P13(N) THEN Human",2,1,111,4.90428793159987e-49
"529","IF P85(M) AND P71(V) THEN Human",2,1,111,4.90428793159987e-49
"530","IF P669(T) AND P85(M) THEN Human",2,1,111,4.90428793159987e-49
"531","IF P461(P) AND P275(T) THEN Avian",2,1,111,4.90428793159987e-49
"532","IF P483(M) AND P231(I) THEN Human",2,1,111,4.90428793159987e-49
"533","IF P275(T) AND P621(V) AND P231(V) THEN Avian",3,1,111,4.90428793159987e-49
"534","IF P635(K) AND P231(I) THEN Human",2,1,111,4.90428793159987e-49
"535","IF P635(K) AND P13(N) THEN Human",2,1,111,4.90428793159987e-49
"536","IF P483(M) AND P13(N) THEN Human",2,1,111,4.90428793159987e-49
"537","IF P575(N) AND P231(I) THEN Human",2,1,111,4.90428793159987e-49
"538","IF P109(T) AND P375(R) THEN Avian",2,0.99163,118,7.49137504936381e-49
"539","IF P109(T) AND P690(G) THEN Avian",2,0.99163,118,7.49137504936381e-49
"540","IF P124(E) AND P684(T) THEN Avian",2,0.99235,114,1.11550566497641e-48
"541","IF P635(E) AND P389(I) THEN Avian",2,0.99127,114,1.11550566497641e-48
"542","IF P461(P) AND P85(T) THEN Avian",2,0.99558,114,1.11550566497641e-48
"543","IF P461(P) THEN Avian",1,0.9923,116,1.17355815002e-48
"544","IF P86(N) AND P389(I) THEN Avian",2,0.99243,116,1.17355815002e-48
"545","IF P375(R) AND P71(I) THEN Avian",2,0.99238,116,1.17355815002e-48
"546","IF P124(E) AND P389(I) THEN Avian",2,0.99231,116,1.17355815002e-48
"547","IF P575(D) AND P389(I) THEN Avian",2,0.99231,116,1.17355815002e-48
"548","IF P534(K) AND P389(I) THEN Avian",2,0.99239,116,1.17355815002e-48
"549","IF P13(D) AND P71(I) THEN Avian",2,0.99145,116,1.17355815002e-48
"550","IF P68(M) AND P231(V) THEN Avian",2,0.99147,116,1.17355815002e-48
"551","IF P483(L) AND P71(I) THEN Avian",2,0.99145,116,1.17355815002e-48
"552","IF P375(K) THEN Human",1,0.98518,120,2.58202624555105e-48
"553","IF P375(R) THEN Avian",1,0.98517,120,2.58202624555105e-48
"554","IF P669(T) AND P231(I) THEN Human",2,1,110,3.0557486343045e-48
"555","IF P203(S) AND P13(N) THEN Human",2,1,110,3.0557486343045e-48
"556","IF P682(T) AND P13(N) THEN Human",2,1,110,3.0557486343045e-48
"557","IF P375(K) AND P13(N) THEN Human",2,1,110,3.0557486343045e-48
"558","IF P669(T) AND P13(N) THEN Human",2,1,110,3.0557486343045e-48
"559","IF P13(N) AND P275(A) THEN Human",2,1,110,3.0557486343045e-48
"560","IF P13(N) AND P684(I) THEN Human",2,1,110,3.0557486343045e-48
"561","IF P86(S) AND P13(N) THEN Human",2,1,110,3.0557486343045e-48
"562","IF P86(S) AND P85(M) THEN Human",2,1,110,3.0557486343045e-48
"563","IF P690(S) AND P389(V) THEN Human",2,1,110,3.0557486343045e-48
"564","IF P85(M) AND P389(V) THEN Human",2,1,110,3.0557486343045e-48
"565","IF P684(I) AND P231(I) THEN Human",2,1,110,3.0557486343045e-48
"566","IF P85(M) AND P534(R) THEN Human",2,1,110,3.0557486343045e-48
"567","IF P275(T) AND P389(I) THEN Avian",2,1,110,3.0557486343045e-48
"568","IF P682(T) AND P231(I) THEN Human",2,1,110,3.0557486343045e-48
"569","IF P710(K) AND P71(I) AND P275(T) THEN Avian",3,1,110,3.0557486343045e-48
"570","IF P13(N) AND P596(I) THEN Human",2,1,110,3.0557486343045e-48
"571","IF P275(T) AND P621(V) THEN Avian",2,1,110,3.0557486343045e-48
"572","IF P68(T) AND P13(N) THEN Human",2,1,110,3.0557486343045e-48
"573","IF P68(T) AND P231(I) THEN Human",2,1,110,3.0557486343045e-48
"574","IF P690(G) AND P684(T) AND P705(L) THEN Avian",3,1,110,3.0557486343045e-48
"575","IF P471(V) THEN Human",1,0.97826,122,7.04199063041072e-48
"576","IF P692(A) AND P71(I) THEN Avian",2,0.99138,115,8.18058908085284e-48
"577","IF P710(K) AND P389(I) THEN Avian",2,0.99246,115,8.18058908085284e-48
"578","IF P13(D) AND P684(T) THEN Avian",2,0.99138,115,8.18058908085284e-48
"579","IF P575(D) AND P461(P) THEN Avian",2,0.99138,115,8.18058908085284e-48
"580","IF P710(K) AND P68(M) THEN Avian",2,0.99138,115,8.18058908085284e-48
"581","IF P86(S) AND P231(I) THEN Human",2,1,109,1.84476676811712e-47
"582","IF P596(A) AND P621(V) THEN Avian",2,1,109,1.84476676811712e-47
"583","IF P471(I) AND P684(T) THEN Avian",2,1,109,1.84476676811712e-47
"584","IF P575(N) AND P13(N) THEN Human",2,1,109,1.84476676811712e-47
"585","IF P471(I) AND P534(K) AND P684(T) THEN Avian",3,1,109,1.84476676811712e-47
"586","IF P68(M) AND P621(V) AND P389(I) THEN Avian",3,1,109,1.84476676811712e-47
"587","IF P635(E) AND P471(I) AND P684(T) THEN Avian",3,1,109,1.84476676811712e-47
"588","IF P483(L) AND P471(I) AND P684(T) THEN Avian",3,1,109,1.84476676811712e-47
"589","IF P692(A) AND P621(V) AND P389(I) THEN Avian",3,1,109,1.84476676811712e-47
"590","IF P575(D) AND P275(T) AND P389(I) THEN Avian",3,1,109,1.84476676811712e-47
"591","IF P124(D) AND P13(N) THEN Human",2,1,109,1.84476676811712e-47
"592","IF P375(R) AND P231(V) THEN Avian",2,0.98347,119,1.98533530686173e-47
"593","IF P68(M) AND P85(T) THEN Avian",2,0.99149,116,3.99608648510169e-47
"594","IF P596(A) THEN Avian",1,0.99198,112,4.64749819704447e-47
"595","IF P13(N) THEN Human",1,0.99202,112,4.64749819704447e-47
"596","IF P690(G) AND P684(T) THEN Avian",2,0.9921,112,4.64749819704447e-47
"597","IF P684(T) AND P231(V) THEN Avian",2,0.99221,112,4.64749819704447e-47
"598","IF P690(G) AND P389(I) THEN Avian",2,0.99228,114,5.488712509057e-47
"599","IF P389(I) AND P231(V) THEN Avian",2,0.99229,114,5.488712509057e-47
"600","IF P86(N) AND P684(T) THEN Avian",2,0.99226,114,5.488712509057e-47
"601","IF P85(T) AND P389(I) THEN Avian",2,0.99241,114,5.488712509057e-47
"602","IF P461(P) AND P690(G) THEN Avian",2,0.99418,114,5.488712509057e-47
"603","IF P375(R) AND P389(I) THEN Avian",2,0.99256,114,5.488712509057e-47
"604","IF P682(A) AND P389(I) THEN Avian",2,0.9913,114,5.488712509057e-47
"605","IF P682(A) AND P71(I) THEN Avian",2,0.9913,114,5.488712509057e-47
"606","IF P684(T) THEN Avian",1,0.9913,114,5.488712509057e-47
"607","IF P669(A) AND P690(G) THEN Avian",2,0.9913,114,5.488712509057e-47
"608","IF P389(V) AND P231(I) THEN Human",2,1,108,1.08050624989716e-46
"609","IF P690(S) AND P231(I) THEN Human",2,1,108,1.08050624989716e-46
"610","IF P109(V) AND P13(N) THEN Human",2,1,108,1.08050624989716e-46
"611","IF P13(N) AND P71(V) THEN Human",2,1,108,1.08050624989716e-46
"612","IF P71(V) AND P231(I) THEN Human",2,1,108,1.08050624989716e-46
"613","IF P471(I) AND P596(A) THEN Avian",2,1,108,1.08050624989716e-46
"614","IF P596(I) AND P231(I) THEN Human",2,1,108,1.08050624989716e-46
"615","IF P710(K) AND P471(I) AND P684(T) THEN Avian",3,1,108,1.08050624989716e-46
"616","IF P534(K) AND P705(L) THEN Avian",2,0.976,122,1.30002945322728e-46
"617","IF P124(E) AND P705(L) THEN Avian",2,0.97442,122,1.30002945322728e-46
"618","IF P575(D) AND P684(T) THEN Avian",2,0.99269,113,3.55112000216817e-46
"619","IF P534(K) AND P684(T) THEN Avian",2,0.9922,113,3.55112000216817e-46
"620","IF P710(K) AND P461(P) THEN Avian",2,0.99123,113,3.55112000216817e-46
"621","IF P375(R) AND P461(P) THEN Avian",2,0.99123,113,3.55112000216817e-46
"622","IF P461(P) AND P534(K) THEN Avian",2,0.99123,113,3.55112000216817e-46
"623","IF P48(A) AND P461(P) THEN Avian",2,0.99123,113,3.55112000216817e-46
"624","IF P203(A) AND P461(P) THEN Avian",2,0.99123,113,3.55112000216817e-46
"625","IF P203(A) AND P389(I) THEN Avian",2,0.99123,113,3.55112000216817e-46
"626","IF P13(N) AND P389(V) THEN Human",2,1,107,6.1477079735528e-46
"627","IF P13(N) AND P690(S) THEN Human",2,1,107,6.1477079735528e-46
"628","IF P534(R) AND P13(N) THEN Human",2,1,107,6.1477079735528e-46
"629","IF P85(M) AND P690(S) THEN Human",2,1,107,6.1477079735528e-46
"630","IF P684(T) AND P275(T) THEN Avian",2,1,107,6.1477079735528e-46
"631","IF P692(A) AND P684(T) AND P621(V) THEN Avian",3,1,107,6.1477079735528e-46
"632","IF P692(A) AND P275(T) AND P596(A) THEN Avian",3,1,107,6.1477079735528e-46
"633","IF P692(A) AND P684(T) THEN Avian",2,0.99545,110,1.69616684378965e-45
"634","IF P692(A) AND P375(R) THEN Avian",2,0.99134,114,1.81416664812335e-45
"635","IF P124(E) AND P461(P) THEN Avian",2,0.99134,114,1.81416664812335e-45
"636","IF P71(I) AND P389(I) THEN Avian",2,0.99226,112,2.21924511959718e-45
"637","IF P710(K) AND P684(T) THEN Avian",2,0.9924,112,2.21924511959718e-45
"638","IF P483(L) AND P684(T) THEN Avian",2,0.99115,112,2.21924511959718e-45
"639","IF P85(T) AND P684(T) THEN Avian",2,0.9934,112,2.21924511959718e-45
"640","IF P86(N) AND P596(A) THEN Avian",2,0.99407,112,2.21924511959718e-45
"641","IF P13(D) AND P596(A) THEN Avian",2,0.99115,112,2.21924511959718e-45
"642","IF P109(T) AND P692(A) THEN Avian",2,0.99115,112,2.21924511959718e-45
"643","IF P68(M) AND P71(I) THEN Avian",2,0.99115,112,2.21924511959718e-45
"644","IF P461(P) AND P13(D) THEN Avian",2,0.99115,112,2.21924511959718e-45
"645","IF P85(M) AND P13(N) THEN Human",2,1,106,3.401731745366e-45
"646","IF P471(I) AND P669(A) AND P684(T) THEN Avian",3,1,106,3.401731745366e-45
"647","IF P71(I) AND P596(A) THEN Avian",2,0.99107,111,1.34173681365961e-44
"648","IF P684(T) AND P596(A) AND P705(L) THEN Avian",3,1,105,1.83254581121328e-44
"649","IF P483(M) AND P705(I) THEN Human",2,1,105,1.83254581121328e-44
"650","IF P85(M) AND P231(I) THEN Human",2,1,105,1.83254581121328e-44
"651","IF P275(T) AND P596(A) AND P389(I) THEN Avian",3,1,105,1.83254581121328e-44
"652","IF P85(T) AND P596(A) THEN Avian",2,0.99078,108,5.48338292404731e-44
"653","IF P231(I) THEN Human",1,0.98684,112,7.11921705366682e-44
"654","IF P71(I) AND P684(T) THEN Avian",2,0.99197,110,7.85916290820957e-44
"655","IF P375(R) AND P684(T) THEN Avian",2,0.99228,110,7.85916290820957e-44
"656","IF P710(K) AND P596(A) THEN Avian",2,0.99322,110,7.85916290820957e-44
"657","IF P534(K) AND P596(A) THEN Avian",2,0.99391,110,7.85916290820957e-44
"658","IF P483(L) AND P596(A) THEN Avian",2,0.99099,110,7.85916290820957e-44
"659","IF P68(M) AND P684(T) THEN Avian",2,0.99099,110,7.85916290820957e-44
"660","IF P705(I) THEN Human",1,1,104,9.62086550886974e-44
"661","IF P375(K) AND P705(I) THEN Human",2,1,104,9.62086550886974e-44
"662","IF P471(V) AND P705(I) THEN Human",2,1,104,9.62086550886974e-44
"663","IF P275(A) AND P621(T) THEN Human",2,1,104,9.62086550886974e-44
"664","IF P461(H) AND P621(T) THEN Human",2,1,104,9.62086550886974e-44
"665","IF P705(I) AND P231(I) THEN Human",2,1,104,9.62086550886974e-44
"666","IF P684(I) AND P705(I) THEN Human",2,1,104,9.62086550886974e-44
"667","IF P690(G) AND P705(L) THEN Avian",2,0.97161,120,1.17626539939344e-43
"668","IF P124(E) AND P231(V) THEN Avian",2,0.96825,122,2.21252844663785e-43
"669","IF P690(S) THEN Human",1,0.98452,114,2.84545046662183e-43
"670","IF P109(T) AND P596(A) THEN Avian",2,0.99091,109,4.46591341222555e-43
"671","IF P621(T) THEN Human",1,1,103,4.92704930605746e-43
"672","IF P471(V) AND P621(T) THEN Human",2,1,103,4.92704930605746e-43
"673","IF P461(H) AND P705(I) THEN Human",2,1,103,4.92704930605746e-43
"674","IF P684(I) AND P621(T) THEN Human",2,1,103,4.92704930605746e-43
"675","IF P483(M) AND P621(T) THEN Human",2,1,103,4.92704930605746e-43
"676","IF P203(S) AND P705(I) THEN Human",2,1,103,4.92704930605746e-43
"677","IF P684(I) THEN Human",1,0.97079,120,8.27292618158918e-43
"678","IF P534(K) THEN Avian",1,0.96403,121,1.60408927134518e-42
"679","IF P690(G) THEN Avian",1,0.96402,121,1.60408927134518e-42
"680","IF P534(R) AND P705(I) THEN Human",2,1,102,2.46352465302873e-42
"681","IF P13(N) AND P231(I) THEN Human",2,1,102,2.46352465302873e-42
"682","IF P692(S) AND P705(I) THEN Human",2,1,102,2.46352465302873e-42
"683","IF P375(K) AND P621(T) THEN Human",2,1,102,2.46352465302873e-42
"684","IF P710(R) AND P621(T) THEN Human",2,1,102,2.46352465302873e-42
"685","IF P48(S) AND P705(I) THEN Human",2,1,102,2.46352465302873e-42
"686","IF P86(S) AND P705(I) THEN Human",2,1,102,2.46352465302873e-42
"687","IF P684(T) AND P389(I) THEN Avian",2,0.99184,108,2.46493709783992e-42
"688","IF P690(G) AND P596(A) THEN Avian",2,0.99528,108,2.46493709783992e-42
"689","IF P375(R) AND P596(A) THEN Avian",2,0.99083,108,2.46493709783992e-42
"690","IF P124(E) THEN Avian",1,0.96454,122,2.74066715628889e-42
"691","IF P71(V) THEN Human",1,0.9704,118,5.57598347992709e-42
"692","IF P275(A) AND P705(I) THEN Human",2,1,101,1.20360775905117e-41
"693","IF P275(A) THEN Human",1,0.96419,121,1.95809628182044e-41
"694","IF P71(V) AND P705(I) THEN Human",2,1,100,5.75057040435558e-41
"695","IF P690(S) AND P705(I) THEN Human",2,1,100,5.75057040435558e-41
"696","IF P86(S) AND P621(T) THEN Human",2,1,100,5.75057040435558e-41
"697","IF P692(S) AND P621(T) THEN Human",2,1,100,5.75057040435558e-41
"698","IF P669(T) AND P621(T) THEN Human",2,1,100,5.75057040435558e-41
"699","IF P682(T) AND P621(T) THEN Human",2,1,100,5.75057040435558e-41
"700","IF P621(T) AND P389(V) THEN Human",2,1,100,5.75057040435558e-41
"701","IF P596(I) AND P705(I) THEN Human",2,1,100,5.75057040435558e-41
"702","IF P71(V) AND P621(T) THEN Human",2,1,100,5.75057040435558e-41
"703","IF P85(M) AND P705(I) THEN Human",2,1,100,5.75057040435558e-41
"704","IF P534(R) AND P621(T) THEN Human",2,1,99,2.68878021609059e-40
"705","IF P109(V) AND P621(T) THEN Human",2,1,98,1.23117830947306e-39
"706","IF P124(D) AND P621(T) THEN Human",2,1,98,1.23117830947306e-39
"707","IF P705(I) AND P389(V) THEN Human",2,1,98,1.23117830947306e-39
"708","IF P461(P) AND P596(A) THEN Avian",2,0.99048,104,1.74782346997172e-39
"709","IF P690(S) AND P621(T) THEN Human",2,1,97,5.52451805532792e-39
"710","IF P389(V) THEN Human",1,0.96292,117,3.32801385134547e-38
"711","IF P684(T) AND P596(A) THEN Avian",2,0.99029,102,4.01353917150502e-38
"712","IF P621(T) AND P231(I) THEN Human",2,1,94,4.44741027726544e-37
"713","IF P13(N) AND P705(I) THEN Human",2,1,94,4.44741027726544e-37
"714","IF P534(K) AND P231(V) THEN Avian",2,0.95902,117,1.99512981819148e-36
"715","IF P13(N) AND P621(T) THEN Human",2,1,92,7.57376105356713e-36
"716","IF P621(T) AND P705(I) THEN Human",2,1,84,3.34938875940681e-31
"717","IF P710(R) AND P621(A) THEN Human",2,1,19,0.00130598163040753
"718","IF P124(D) AND P621(A) THEN Human",2,1,19,0.00130598163040753
"719","IF P635(K) AND P621(A) THEN Human",2,1,19,0.00130598163040753
"720","IF P275(A) AND P621(A) THEN Human",2,1,18,0.0028111807976569
"721","IF P534(R) AND P621(A) THEN Human",2,1,18,0.0028111807976569
"722","IF P690(S) AND P621(A) THEN Human",2,1,18,0.0028111807976569
"723","IF P669(T) AND P621(A) THEN Human",2,1,18,0.0028111807976569
"724","IF P575(N) AND P621(A) THEN Human",2,1,18,0.0028111807976569
"725","IF P471(V) AND P621(A) THEN Human",2,1,17,0.00602395885212191
"726","IF P682(T) AND P621(A) THEN Human",2,1,17,0.00602395885212191
"727","IF P684(I) AND P621(A) THEN Human",2,1,17,0.00602395885212191
"728","IF P71(V) AND P621(A) THEN Human",2,1,17,0.00602395885212191
"729","IF P461(H) AND P621(A) THEN Human",2,1,17,0.00602395885212191
"730","IF P621(A) AND P389(V) THEN Human",2,1,17,0.00602395885212191
"731","IF P692(S) AND P621(A) THEN Human",2,1,16,0.0128511122178601
"732","IF P48(S) AND P621(A) THEN Human",2,1,16,0.0128511122178601
"733","IF P375(K) AND P621(A) THEN Human",2,1,16,0.0128511122178601
"734","IF P13(N) AND P621(A) THEN Human",2,1,16,0.0128511122178601
"735","IF P621(A) AND P705(I) THEN Human",2,1,16,0.0128511122178601
"736","IF P621(A) AND P231(I) THEN Human",2,1,14,0.0577229268877816
"737","IF P621(V) AND P389(V) THEN Avian",2,1,4,1
"738","IF P109(T) AND P389(V) THEN Avian",2,1,5,1
"739","IF P85(I) THEN Human",1,1,5,1
"740","IF P682(S) THEN Human",1,1,2,1
"741","IF P669(S) THEN Avian",1,1,3,1
"742","IF P203(A) AND P13(E) THEN Avian",2,1,1,1
"743","IF P692(A) AND P684(I) THEN Avian",2,1,3,1
"744","IF P684(I) AND P596(A) THEN Avian",2,1,4,1
"745","IF P68(M) AND P684(I) THEN Avian",2,1,4,1
"746","IF P109(T) AND P684(I) THEN Avian",2,1,4,1
"747","IF P109(T) AND P13(E) THEN Avian",2,1,1,1
"748","IF P710(K) AND P13(E) THEN Avian",2,1,1,1
"749","IF P203(A) AND P684(I) THEN Avian",2,1,3,1
"750","IF P48(A) AND P684(I) THEN Avian",2,1,3,1
"751","IF P48(A) AND P13(E) THEN Avian",2,1,1,1
"752","IF P275(S) THEN Human",1,1,1,1
"753","IF P621(A) THEN Human",1,0.86938,18,1
"754","IF P483(L) AND P71(V) THEN Avian",2,1,4,1
"755","IF P13(D) AND P71(V) THEN Avian",2,1,4,1
"756","IF P48(A) AND P71(V) THEN Avian",2,1,4,1
"757","IF P71(V) AND P596(A) THEN Avian",2,1,4,1
"758","IF P692(A) AND P71(V) THEN Avian",2,1,4,1
"759","IF P669(I) THEN Human",1,1,2,1
"760","IF P13(T) THEN Human",1,1,10,1
"761","IF P690(N) AND P684(I) THEN Human",2,1,4,1
"762","IF P109(M) THEN Human",1,1,4,1
"763","IF P109(A) THEN Avian",1,1,1,1
"764","IF P710(R) AND P684(T) THEN Avian",2,0.5,1,1
"765","IF P85(M) AND P684(T) THEN Human",2,1,1,1
"766","IF P669(A) AND P684(I) THEN Avian",2,1,2,1
"767","IF P461(P) AND P684(I) THEN Avian",2,1,3,1
"768","IF P13(D) AND P684(I) THEN Avian",2,1,3,1
"769","IF P635(E) AND P684(I) THEN Avian",2,1,4,1
"770","IF P669(A) AND P68(I) THEN Avian",2,1,1,1
"771","IF P635(E) AND P68(I) THEN Avian",2,1,1,1
"772","IF P575(D) AND P68(I) THEN Avian",2,1,1,1
"773","IF P68(I) AND P231(V) THEN Avian",2,1,1,1
"774","IF P86(N) AND P68(I) THEN Avian",2,1,1,1
"775","IF P692(A) AND P68(I) THEN Avian",2,1,1,1
"776","IF P68(I) AND P71(I) THEN Avian",2,1,1,1
"777","IF P68(I) AND P13(D) THEN Avian",2,1,1,1
"778","IF P68(I) AND P684(T) THEN Avian",2,1,1,1
"779","IF P710(K) AND P68(I) THEN Avian",2,1,1,1
"780","IF P203(A) AND P68(I) THEN Avian",2,1,1,1
"781","IF P483(L) AND P68(I) THEN Avian",2,1,1,1
"782","IF P68(I) AND P705(L) THEN Avian",2,1,1,1
"783","IF P68(I) AND P461(P) THEN Avian",2,1,1,1
"784","IF P68(I) AND P389(I) THEN Avian",2,1,1,1
"785","IF P124(E) AND P68(I) THEN Avian",2,1,1,1
"786","IF P68(I) AND P621(V) THEN Avian",2,1,1,1
"787","IF P68(I) AND P596(A) THEN Avian",2,1,1,1
"788","IF P68(I) AND P534(K) THEN Avian",2,1,1,1
"789","IF P68(I) AND P690(G) THEN Avian",2,1,1,1
"790","IF P109(T) AND P68(I) THEN Avian",2,1,1,1
"791","IF P375(R) AND P68(I) THEN Avian",2,1,1,1
"792","IF P48(A) AND P68(I) THEN Avian",2,1,1,1
"793","IF P71(I) AND P596(V) THEN Avian",2,1,1,1
"794","IF P692(A) AND P596(V) THEN Avian",2,1,1,1
"795","IF P596(V) AND P389(I) THEN Avian",2,1,1,1
"796","IF P471(I) AND P596(V) THEN Avian",2,1,1,1
"797","IF P85(T) AND P596(V) THEN Avian",2,1,1,1
"798","IF P690(G) AND P596(V) THEN Avian",2,1,1,1
"799","IF P710(K) AND P596(V) THEN Avian",2,1,1,1
"800","IF P86(N) AND P596(V) THEN Avian",2,1,1,1
"801","IF P596(V) AND P705(L) THEN Avian",2,1,1,1
"802","IF P109(T) AND P596(V) THEN Avian",2,1,1,1
"803","IF P68(M) AND P596(V) THEN Avian",2,1,1,1
"804","IF P682(A) AND P596(V) THEN Avian",2,1,1,1
"805","IF P48(A) AND P596(V) THEN Avian",2,1,1,1
"806","IF P684(A) THEN Avian",1,1,5,1
"807","IF P692(A) AND P389(V) THEN Avian",2,1,4,1
"808","IF P682(A) AND P534(R) THEN Avian",2,1,1,1
"809","IF P635(E) AND P534(R) THEN Avian",2,1,1,1
"810","IF P13(D) AND P389(V) THEN Avian",2,1,4,1
"811","IF P203(A) AND P389(V) THEN Avian",2,1,4,1
"812","IF P124(E) AND P534(R) THEN Avian",2,1,1,1
"813","IF P669(A) AND P389(V) THEN Avian",2,1,4,1
"814","IF P109(T) AND P534(R) THEN Avian",2,1,1,1
"815","IF P461(P) AND P534(R) THEN Avian",2,1,1,1
"816","IF P375(R) AND P534(R) THEN Avian",2,1,1,1
"817","IF P483(L) AND P389(V) THEN Avian",2,1,4,1
"818","IF P635(E) AND P389(V) THEN Avian",2,1,5,1
"819","IF P483(L) AND P534(R) THEN Avian",2,1,1,1
"820","IF P48(A) AND P534(R) THEN Avian",2,1,1,1
"821","IF P682(A) AND P389(V) THEN Avian",2,1,4,1
"822","IF P534(R) AND P690(G) THEN Avian",2,1,1,1
"823","IF P596(T) THEN Avian",1,1,8,1
"824","IF P68(V) THEN Avian",1,1,2,1
"825","IF P389(X) THEN Avian",1,0.66667,2,1
"826","IF P471(V) AND P389(X) THEN Avian",2,1,1,1
"827","IF P68(M) AND P389(X) THEN Avian",2,1,2,1
"828","IF P124(E) AND P389(X) THEN Avian",2,1,2,1
"829","IF P71(I) AND P389(X) THEN Avian",2,1,2,1
"830","IF P203(A) AND P389(X) THEN Avian",2,1,2,1
"831","IF P86(N) AND P389(X) THEN Avian",2,1,2,1
"832","IF P48(A) AND P389(X) THEN Avian",2,1,2,1
"833","IF P705(L) AND P389(X) THEN Avian",2,1,2,1
"834","IF P109(T) AND P389(X) THEN Avian",2,1,2,1
"835","IF P596(A) AND P389(X) THEN Avian",2,1,1,1
"836","IF P682(A) AND P389(X) THEN Avian",2,1,2,1
"837","IF P461(T) THEN Avian",1,1,1,1
"838","IF P682(A) AND P669(T) THEN Avian",2,1,1,1
"839","IF P596(X) THEN Avian",1,1,1,1
"840","IF P575(X) THEN Avian",1,1,1,1
"841","IF P375(X) AND P231(V) THEN Avian",2,1,1,1
"842","IF P635(E) AND P389(X) THEN Avian",2,1,2,1
"843","IF P534(X) AND P13(D) THEN Avian",2,1,1,1
"844","IF P124(E) AND P375(X) THEN Avian",2,1,1,1
"845","IF P85(T) AND P389(X) THEN Avian",2,1,2,1
"846","IF P375(X) AND P68(M) THEN Avian",2,1,1,1
"847","IF P483(X) AND P705(L) THEN Avian",2,1,1,1
"848","IF P461(X) AND P71(I) THEN Avian",2,1,1,1
"849","IF P85(T) AND P534(X) THEN Avian",2,1,1,1
"850","IF P13(D) AND P389(X) THEN Avian",2,1,2,1
"851","IF P483(X) AND P13(D) THEN Avian",2,1,1,1
"852","IF P375(X) AND P690(G) THEN Avian",2,1,1,1
"853","IF P375(X) AND P13(D) THEN Avian",2,1,1,1
"854","IF P461(X) AND P85(T) THEN Avian",2,1,1,1
"855","IF P483(X) AND P68(M) THEN Avian",2,1,1,1
"856","IF P471(X) AND P68(M) THEN Avian",2,1,1,1
"857","IF P203(A) AND P375(X) THEN Avian",2,1,1,1
"858","IF P483(X) AND P85(T) THEN Avian",2,1,1,1
"859","IF P461(X) AND P13(D) THEN Avian",2,1,1,1
"860","IF P375(X) AND P71(I) THEN Avian",2,1,1,1
"861","IF P710(K) AND P375(X) THEN Avian",2,1,1,1
"862","IF P203(A) AND P483(X) THEN Avian",2,1,1,1
"863","IF P203(A) AND P471(X) THEN Avian",2,1,1,1
"864","IF P68(M) AND P461(X) THEN Avian",2,1,1,1
"865","IF P692(A) AND P375(X) THEN Avian",2,1,1,1
"866","IF P461(P) AND P13(N) THEN Avian",2,1,1,1
"867","IF P13(N) AND P275(T) THEN Avian",2,1,1,1
"868","IF P669(A) AND P13(N) THEN Avian",2,1,1,1
"869","IF P483(L) AND P13(N) THEN Avian",2,1,1,1
"870","IF P692(A) AND P13(N) THEN Avian",2,1,1,1
"871","IF P13(N) AND P596(A) THEN Avian",2,1,1,1
"872","IF P48(A) AND P13(N) THEN Avian",2,1,1,1
"873","IF P692(V) THEN Avian",1,1,2,1
"874","IF P483(X) THEN Avian",1,0.625,1,1
"875","IF P375(X) THEN Avian",1,0.5,1,1
"876","IF P461(X) THEN Avian",1,0.625,1,1
"877","IF P534(X) THEN Avian",1,0.66667,1,1
"878","IF P471(X) THEN Avian",1,0.625,1,1
"879","IF P203(X) THEN Human",1,1,1,1
"880","IF P231(X) THEN Human",1,1,1,1
"881","IF P275(X) THEN Human",1,1,1,1
"882","IF P669(T) AND P534(X) THEN Human",2,1,1,1
"883","IF P669(T) AND P461(X) THEN Human",2,1,1,1
"884","IF P375(X) AND P690(S) THEN Human",2,1,1,1
"885","IF P13(N) AND P389(X) THEN Human",2,1,1,1
"886","IF P710(R) AND P471(X) THEN Human",2,1,1,1
"887","IF P461(S) THEN Avian",1,1,4,1
"888","IF P682(A) AND P275(A) THEN Avian",2,1,7,1
"889","IF P682(A) AND P692(S) THEN Avian",2,1,2,1
"890","IF P690(G) AND P231(I) THEN Avian",2,1,2,1
"891","IF P635(E) AND P692(S) THEN Avian",2,1,2,1
"892","IF P682(A) AND P231(I) THEN Avian",2,1,2,1
"893","IF P483(L) AND P692(S) THEN Avian",2,1,2,1
"894","IF P48(A) AND P692(S) THEN Avian",2,1,2,1
"895","IF P669(A) AND P231(I) THEN Avian",2,1,2,1
"896","IF P669(A) AND P275(A) THEN Avian",2,1,6,1
"897","IF P692(S) AND P669(A) THEN Avian",2,1,2,1
"898","IF P635(E) AND P231(I) THEN Avian",2,1,2,1
"899","IF P621(I) THEN Human",1,1,2,1
"900","IF P85(A) THEN Avian",1,1,2,1
"901","IF P461(P) AND P621(A) THEN Avian",2,0.5,1,1
"902","IF P596(A) AND P621(A) THEN Avian",2,0.66667,2,1
"903","IF P275(I) THEN Human",1,1,1,1
"904","IF P461(P) AND P596(A) AND P621(A) THEN Human",3,1,1,1
"905","IF P692(T) THEN Avian",1,1,1,1
"906","IF P231(M) THEN Human",1,1,2,1
"907","IF P275(M) THEN Avian",1,1,1,1
"908","IF P85(V) AND P705(I) THEN Human",2,1,1,1
"909","IF P375(K) AND P85(V) THEN Human",2,1,1,1
"910","IF P710(R) AND P85(V) THEN Human",2,1,1,1
"911","IF P471(V) AND P85(V) THEN Human",2,1,1,1
"912","IF P684(S) THEN Human",1,1,1,1
"913","IF P596(P) THEN Avian",1,1,1,1
"914","IF P690(N) THEN Human",1,1,4,1
"915","IF P596(V) THEN Human",1,0.75,3,1
"916","IF P471(V) AND P596(V) THEN Human",2,1,2,1
"917","IF P710(R) AND P596(V) THEN Human",2,1,2,1
"918","IF P275(A) AND P596(V) THEN Human",2,1,2,1
"919","IF P596(V) AND P231(I) THEN Human",2,1,2,1
"920","IF P68(I) THEN Avian",1,0.5,1,1
"921","IF P710(R) AND P68(I) THEN Human",2,1,1,1
"922","IF P85(T) AND P13(E) THEN Avian",2,1,1,1
"923","IF P534(K) AND P13(E) THEN Avian",2,1,1,1
"924","IF P86(N) AND P13(E) THEN Avian",2,1,1,1
"925","IF P682(T) AND P596(V) THEN Human",2,1,3,1
"926","IF P682(A) AND P71(V) THEN Avian",2,1,3,1
"927","IF P461(P) AND P71(V) THEN Avian",2,1,3,1
"928","IF P669(A) AND P71(V) THEN Avian",2,1,4,1
"929","IF P375(K) AND P231(V) THEN Human",2,0.75,6,1
"930","IF P534(K) AND P690(S) THEN Avian",2,1,2,1
"931","IF P483(L) AND P690(S) THEN Avian",2,1,2,1
"932","IF P48(A) AND P690(S) THEN Avian",2,1,2,1
"933","IF P68(M) AND P690(S) THEN Avian",2,1,2,1
"934","IF P690(S) AND P596(A) THEN Avian",2,1,2,1
"935","IF P461(P) AND P690(S) THEN Avian",2,1,2,1
"936","IF P635(E) AND P690(S) THEN Avian",2,1,2,1
"937","IF P124(E) AND P690(S) THEN Avian",2,1,2,1
"938","IF P682(A) AND P690(S) THEN Avian",2,1,2,1
"939","IF P669(A) AND P690(S) THEN Avian",2,1,2,1
"940","IF P682(A) AND P68(I) THEN Avian",2,1,1,1
"941","IF P635(E) AND P596(V) THEN Avian",2,1,1,1
"942","IF P684(T) AND P596(V) THEN Avian",2,1,1,1
"943","IF P575(D) AND P596(V) THEN Avian",2,1,1,1
"944","IF P124(E) AND P596(V) THEN Avian",2,1,1,1
"945","IF P669(A) AND P596(V) THEN Avian",2,1,1,1
"946","IF P375(R) AND P389(V) THEN Avian",2,0.83333,5,1
"947","IF P692(A) AND P534(R) THEN Avian",2,1,1,1
"948","IF P461(H) AND P231(V) THEN Human",2,0.875,7,1
"949","IF P68(I) THEN Human",1,0.76852,3,1
"950","IF P682(T) AND P68(I) THEN Human",2,1,3,1
"951","IF P669(T) AND P68(I) THEN Human",2,1,3,1
"952","IF P621(A) AND P705(L) THEN Avian",2,1,3,1
"953","IF P203(A) AND P669(T) THEN Avian",2,1,1,1
"954","IF P669(T) AND P68(M) THEN Avian",2,1,1,1
"955","IF P483(L) AND P669(T) THEN Avian",2,1,1,1
"956","IF P461(H) AND P13(D) THEN Avian",2,1,1,1
"957","IF P682(A) AND P461(H) THEN Avian",2,1,1,1
"958","IF P48(A) AND P461(H) THEN Avian",2,1,1,1
"959","IF P669(A) AND P461(H) THEN Avian",2,1,1,1
"960","IF P203(A) AND P461(H) THEN Avian",2,1,1,1
"961","IF P461(H) AND P596(A) THEN Avian",2,1,1,1
"962","IF P68(M) AND P461(H) THEN Avian",2,1,1,1
"963","IF P483(X) AND P231(V) THEN Avian",2,1,1,1
"964","IF P534(X) AND P684(T) THEN Avian",2,1,1,1
"965","IF P692(A) AND P534(X) THEN Avian",2,1,1,1
"966","IF P68(M) AND P534(X) THEN Avian",2,1,1,1
"967","IF P86(N) AND P483(X) THEN Avian",2,1,1,1
"968","IF P483(X) AND P109(T) THEN Avian",2,1,1,1
"969","IF P682(A) AND P461(X) THEN Avian",2,1,1,1
"970","IF P375(X) AND P684(T) THEN Avian",2,1,1,1
"971","IF P86(N) AND P375(X) THEN Avian",2,1,1,1
"972","IF P375(X) AND P705(L) THEN Avian",2,1,1,1
"973","IF P109(T) AND P375(X) THEN Avian",2,1,1,1
"974","IF P483(X) AND P684(T) THEN Avian",2,1,1,1
"975","IF P635(E) AND P375(X) THEN Avian",2,1,1,1
"976","IF P203(A) AND P461(X) THEN Avian",2,1,1,1
"977","IF P461(X) AND P231(V) THEN Avian",2,1,1,1
"978","IF P461(P) AND P275(A) THEN Avian",2,1,5,1
"979","IF P635(E) AND P275(A) THEN Avian",2,1,7,1
"980","IF P13(D) AND P275(A) THEN Avian",2,1,7,1
"981","IF P109(T) AND P275(A) THEN Avian",2,1,7,1
"982","IF P483(L) AND P275(A) THEN Avian",2,1,6,1
"983","IF P635(E) AND P375(K) THEN Avian",2,1,2,1
"984","IF P375(K) AND P596(A) THEN Avian",2,1,2,1
"985","IF P109(T) AND P375(K) THEN Avian",2,1,2,1
"986","IF P375(K) AND P13(D) THEN Avian",2,1,2,1
"987","IF P375(K) AND P68(M) THEN Avian",2,1,2,1
"988","IF P48(A) AND P375(K) THEN Avian",2,1,2,1
"989","IF P375(K) AND P461(P) THEN Avian",2,1,2,1
"990","IF P669(A) AND P375(K) THEN Avian",2,1,2,1
"991","IF P483(L) AND P375(K) THEN Avian",2,1,2,1
"992","IF P483(X) AND P710(R) THEN Human",2,1,1,1
"993","IF P375(X) AND P684(I) THEN Human",2,1,1,1
"994","IF P483(X) AND P13(N) THEN Human",2,1,1,1
"995","IF P682(T) AND P471(X) THEN Human",2,1,1,1
"996","IF P534(X) AND P690(S) THEN Human",2,1,1,1
"997","IF P461(X) AND P13(N) THEN Human",2,1,1,1
"998","IF P534(X) AND P13(N) THEN Human",2,1,1,1
"999","IF P461(X) AND P690(S) THEN Human",2,1,1,1
"1000","IF P690(S) AND P389(X) THEN Human",2,1,1,1
"1001","IF P461(X) AND P71(V) THEN Human",2,1,1,1
"1002","IF P461(X) AND P621(A) THEN Human",2,1,1,1
"1003","IF P203(A) AND P682(T) THEN Avian",2,1,1,1
"1004","IF P682(T) AND P461(P) THEN Avian",2,1,1,1
"1005","IF P483(L) AND P682(T) THEN Avian",2,1,1,1
"1006","IF P635(E) AND P682(T) THEN Avian",2,1,1,1
"1007","IF P48(A) AND P275(A) THEN Avian",2,1,7,1
"1008","IF P85(V) THEN Human",1,1,1,1
"1009","IF P692(A) AND P275(A) THEN Avian",2,1,4,1
"1010","IF P203(A) AND P275(A) THEN Avian",2,1,7,1
"1011","IF P471(V) AND P690(N) THEN Human",2,1,4,1
"1012","IF P690(N) AND P231(I) THEN Human",2,1,4,1
"1013","IF P690(N) AND P275(A) THEN Human",2,1,4,1
"1014","IF P109(I) THEN Avian",1,1,1,1
"1015","IF P692(S) AND P596(V) THEN Human",2,1,3,1
"1016","IF P575(N) AND P596(V) THEN Human",2,1,3,1
"1017","IF P684(I) AND P596(V) THEN Human",2,1,3,1
"1018","IF P13(E) THEN Avian",1,1,1,1
"1019","IF P710(K) AND P684(I) THEN Avian",2,1,3,1
"1020","IF P375(R) AND P684(I) THEN Avian",2,1,3,1
"1021","IF P483(L) AND P684(I) THEN Avian",2,1,3,1
"1022","IF P203(A) AND P596(V) THEN Avian",2,1,1,1
"1023","IF P483(L) AND P596(V) THEN Avian",2,1,1,1
"1024","IF P461(P) AND P596(V) THEN Avian",2,1,1,1
"1025","IF P596(V) AND P231(V) THEN Avian",2,1,1,1
"1026","IF P534(K) AND P596(V) THEN Avian",2,1,1,1
"1027","IF P13(D) AND P596(V) THEN Avian",2,1,1,1
"1028","IF P461(P) AND P389(V) THEN Avian",2,1,5,1
"1029","IF P203(A) AND P534(R) THEN Avian",2,1,1,1
"1030","IF P669(A) AND P534(R) THEN Avian",2,1,1,1
"1031","IF P710(K) AND P534(R) THEN Avian",2,1,1,1
"1032","IF P203(A) AND P596(T) THEN Avian",2,1,8,1
"1033","IF P483(L) AND P596(T) THEN Avian",2,1,8,1
"1034","IF P682(A) AND P596(T) THEN Avian",2,1,8,1
"1035","IF P596(T) AND P231(V) THEN Avian",2,1,6,1
"1036","IF P85(T) AND P596(T) THEN Avian",2,1,8,1
"1037","IF P461(P) AND P596(T) THEN Avian",2,1,6,1
"1038","IF P68(I) AND P461(H) THEN Human",2,1,3,1
"1039","IF P669(T) AND P596(A) THEN Avian",2,1,1,1
"1040","IF P710(K) AND P669(T) THEN Avian",2,1,1,1
"1041","IF P48(A) AND P669(T) THEN Avian",2,1,1,1
"1042","IF P109(T) AND P669(T) THEN Avian",2,1,1,1
"1043","IF P669(T) AND P375(R) THEN Avian",2,1,1,1
"1044","IF P471(X) AND P85(T) THEN Avian",2,1,1,1
"1045","IF P669(A) AND P461(X) THEN Avian",2,1,1,1
"1046","IF P471(X) AND P684(T) THEN Avian",2,1,1,1
"1047","IF P483(X) AND P71(I) THEN Avian",2,1,1,1
"1048","IF P635(E) AND P483(X) THEN Avian",2,1,1,1
"1049","IF P534(X) AND P690(G) THEN Avian",2,1,1,1
"1050","IF P203(A) AND P534(X) THEN Avian",2,1,1,1
"1051","IF P692(A) AND P461(X) THEN Avian",2,1,1,1
"1052","IF P534(X) AND P71(I) THEN Avian",2,1,1,1
"1053","IF P635(E) AND P471(X) THEN Avian",2,1,1,1
"1054","IF P471(X) AND P690(G) THEN Avian",2,1,1,1
"1055","IF P461(X) AND P690(G) THEN Avian",2,1,1,1
"1056","IF P635(E) AND P692(V) THEN Avian",2,1,2,1
"1057","IF P692(V) AND P534(K) THEN Avian",2,1,2,1
"1058","IF P692(V) AND P68(M) THEN Avian",2,1,2,1
"1059","IF P692(V) AND P375(R) THEN Avian",2,1,2,1
"1060","IF P692(V) AND P13(D) THEN Avian",2,1,2,1
"1061","IF P682(T) AND P389(X) THEN Human",2,1,1,1
"1062","IF P375(X) AND P71(V) THEN Human",2,1,1,1
"1063","IF P682(T) AND P692(A) THEN Avian",2,1,1,1
"1064","IF P682(T) AND P375(R) THEN Avian",2,1,1,1
"1065","IF P682(T) AND P669(A) THEN Avian",2,1,1,1
"1066","IF P710(K) AND P682(T) THEN Avian",2,1,1,1
"1067","IF P682(T) AND P596(A) THEN Avian",2,1,1,1
"1068","IF P682(T) AND P109(T) THEN Avian",2,1,1,1
"1069","IF P682(T) AND P68(M) THEN Avian",2,1,1,1
"1070","IF P710(K) AND P275(A) THEN Avian",2,1,6,1
"1071","IF P375(R) AND P275(A) THEN Avian",2,1,6,1
"1072","IF P203(A) AND P692(S) THEN Avian",2,1,2,1
"1073","IF P534(K) AND P231(I) THEN Avian",2,1,2,1
"1074","IF P13(D) AND P231(I) THEN Avian",2,1,2,1
"1075","IF P203(A) AND P231(I) THEN Avian",2,1,2,1
"1076","IF P710(R) AND P692(A) THEN Avian",2,1,1,1
"1077","IF P635(E) AND P710(R) THEN Avian",2,1,1,1
"1078","IF P710(R) AND P375(R) THEN Avian",2,1,1,1
"1079","IF P692(A) AND P85(A) THEN Avian",2,1,2,1
"1080","IF P710(R) AND P13(D) THEN Avian",2,1,1,1
"1081","IF P48(A) AND P710(R) THEN Avian",2,1,1,1
"1082","IF P203(A) AND P710(R) THEN Avian",2,1,1,1
"1083","IF P635(E) AND P85(A) THEN Avian",2,1,2,1
"1084","IF P596(A) AND P621(A) THEN Human",2,1,1,1
"1085","IF P109(I) AND P68(M) THEN Avian",2,1,1,1
"1086","IF P109(I) AND P71(I) THEN Avian",2,1,1,1
"1087","IF P109(I) AND P705(L) THEN Avian",2,1,1,1
"1088","IF P109(I) AND P375(R) THEN Avian",2,1,1,1
"1089","IF P109(I) AND P690(G) THEN Avian",2,1,1,1
"1090","IF P109(I) AND P389(I) THEN Avian",2,1,1,1
"1091","IF P85(T) AND P71(V) THEN Avian",2,0.75,3,1
"1092","IF P471(V) AND P85(T) THEN Avian",2,0.5,2,1
"1093","IF P596(A) AND P389(V) THEN Avian",2,1,4,1
"1094","IF P48(A) AND P389(V) THEN Avian",2,1,4,1
"1095","IF P710(R) AND P109(M) THEN Human",2,1,4,1
"1096","IF P471(I) AND P68(M) AND P596(V) THEN Avian",3,1,1,1
"1097","IF P710(K) AND P596(V) AND P231(V) THEN Avian",3,1,1,1
"1098","IF P203(A) AND P471(I) AND P596(V) THEN Avian",3,1,1,1
"1099","IF P471(I) AND P375(R) AND P596(V) THEN Avian",3,1,1,1
"1100","IF P483(L) AND P471(I) AND P596(V) THEN Avian",3,1,1,1
"1101","IF P710(K) AND P684(T) AND P596(V) THEN Avian",3,1,1,1
"1102","IF P86(N) AND P692(A) AND P596(V) THEN Avian",3,1,1,1
"1103","IF P68(M) AND P389(V) THEN Avian",2,1,4,1
"1104","IF P389(V) AND P231(V) THEN Human",2,0.72727,8,1
"1105","IF P13(D) AND P596(T) THEN Avian",2,1,7,1
"1106","IF P669(A) AND P596(T) THEN Avian",2,1,6,1
"1107","IF P596(T) AND P389(I) THEN Avian",2,1,7,1
"1108","IF P684(T) AND P596(T) THEN Avian",2,1,7,1
"1109","IF P375(K) AND P68(I) THEN Human",2,1,3,1
"1110","IF P692(S) AND P68(I) THEN Human",2,1,3,1
"1111","IF P483(M) AND P68(I) THEN Human",2,1,3,1
"1112","IF P575(D) AND P275(T) AND P621(A) THEN Avian",3,1,3,1
"1113","IF P375(R) AND P275(T) AND P621(A) THEN Avian",3,1,3,1
"1114","IF P48(A) AND P534(X) THEN Avian",2,1,1,1
"1115","IF P86(N) AND P534(X) THEN Avian",2,1,1,1
"1116","IF P375(X) AND P85(T) THEN Avian",2,1,1,1
"1117","IF P461(X) AND P684(T) THEN Avian",2,1,1,1
"1118","IF P483(X) AND P692(A) THEN Avian",2,1,1,1
"1119","IF P124(E) AND P534(X) THEN Avian",2,1,1,1
"1120","IF P471(X) AND P705(L) THEN Avian",2,1,1,1
"1121","IF P690(G) AND P389(X) THEN Avian",2,1,2,1
"1122","IF P48(A) AND P461(X) THEN Avian",2,1,1,1
"1123","IF P86(N) AND P461(X) THEN Avian",2,1,1,1
"1124","IF P461(X) AND P705(L) THEN Avian",2,1,1,1
"1125","IF P669(T) AND P389(I) THEN Human",2,0.66667,2,1
"1126","IF P710(R) AND P461(P) THEN Avian",2,1,1,1
"1127","IF P710(R) AND P68(M) THEN Avian",2,1,1,1
"1128","IF P710(R) AND P109(T) THEN Avian",2,1,1,1
"1129","IF P68(V) AND P621(V) THEN Avian",2,1,2,1
"1130","IF P68(V) AND P596(A) THEN Avian",2,1,1,1
"1131","IF P635(E) AND P68(V) THEN Avian",2,1,2,1
"1132","IF P68(V) AND P275(T) THEN Avian",2,1,2,1
"1133","IF P471(I) AND P68(V) AND P684(T) THEN Avian",3,1,2,1
"1134","IF P68(V) AND P461(P) AND P684(T) THEN Avian",3,1,2,1
"1135","IF P68(V) AND P461(P) AND P85(T) THEN Avian",3,1,2,1
"1136","IF P109(T) AND P68(V) AND P13(D) THEN Avian",3,1,2,1
"1137","IF P48(A) AND P692(A) AND P68(V) THEN Avian",3,1,2,1
"1138","IF P692(A) AND P68(V) AND P461(P) THEN Avian",3,1,2,1
"1139","IF P68(V) AND P461(P) AND P231(V) THEN Avian",3,1,2,1
"1140","IF P68(V) AND P534(K) AND P389(I) THEN Avian",3,1,2,1
"1141","IF P68(V) AND P461(P) AND P534(K) THEN Avian",3,1,2,1
"1142","IF P13(N) AND P231(M) THEN Human",2,1,2,1
"1143","IF P71(V) AND P231(M) THEN Human",2,1,2,1
"1144","IF P471(V) AND P231(M) THEN Human",2,1,2,1
"1145","IF P534(K) AND P596(T) THEN Avian",2,1,7,1
"1146","IF P471(V) AND P389(I) THEN Human",2,0.75,3,1
"1147","IF P575(N) AND P389(I) THEN Human",2,1,2,1
"1148","IF P575(D) AND P109(I) THEN Avian",2,1,1,1
"1149","IF P203(A) AND P109(I) THEN Avian",2,1,1,1
"1150","IF P471(I) AND P109(I) THEN Avian",2,1,1,1
"1151","IF P635(E) AND P109(I) THEN Avian",2,1,1,1
"1152","IF P86(N) AND P109(I) THEN Avian",2,1,1,1
"1153","IF P85(T) AND P389(V) THEN Avian",2,1,5,1
"1154","IF P669(T) AND P684(T) THEN Avian",2,0.5,1,1
"1155","IF P534(R) AND P13(D) THEN Avian",2,1,1,1
"1156","IF P68(M) AND P534(R) THEN Avian",2,1,1,1
"1157","IF P68(I) AND P389(V) THEN Human",2,1,3,1
"1158","IF P68(I) AND P684(I) THEN Human",2,1,3,1
"1159","IF P68(I) AND P275(A) THEN Human",2,1,2,1
"1160","IF P471(V) AND P68(I) THEN Human",2,1,3,1
"1161","IF P375(R) AND P461(T) THEN Avian",2,1,1,1
"1162","IF P461(T) AND P705(L) THEN Avian",2,1,1,1
"1163","IF P461(T) AND P71(I) THEN Avian",2,1,1,1
"1164","IF P68(M) AND P461(T) THEN Avian",2,1,1,1
"1165","IF P669(T) AND P13(D) THEN Avian",2,1,1,1
"1166","IF P635(E) AND P669(T) THEN Avian",2,1,1,1
"1167","IF P635(E) AND P461(H) THEN Avian",2,1,1,1
"1168","IF P692(A) AND P461(H) THEN Avian",2,1,1,1
"1169","IF P483(L) AND P461(H) THEN Avian",2,1,1,1
"1170","IF P682(A) AND P471(X) THEN Avian",2,1,1,1
"1171","IF P48(A) AND P471(X) THEN Avian",2,1,1,1
"1172","IF P635(E) AND P534(X) THEN Avian",2,1,1,1
"1173","IF P375(X) AND P621(V) THEN Avian",2,1,1,1
"1174","IF P483(X) AND P690(G) THEN Avian",2,1,1,1
"1175","IF P483(X) AND P682(A) THEN Avian",2,1,1,1
"1176","IF P534(X) AND P621(V) THEN Avian",2,1,1,1
"1177","IF P471(X) AND P109(T) THEN Avian",2,1,1,1
"1178","IF P471(I) AND P275(A) THEN Avian",2,1,7,1
"1179","IF P68(M) AND P275(A) THEN Avian",2,1,7,1
"1180","IF P203(A) AND P375(K) THEN Avian",2,1,2,1
"1181","IF P375(K) AND P275(T) THEN Avian",2,1,2,1
"1182","IF P692(A) AND P375(K) THEN Avian",2,1,2,1
"1183","IF P710(R) AND P389(X) THEN Human",2,1,1,1
"1184","IF P684(I) AND P389(X) THEN Human",2,1,1,1
"1185","IF P71(V) AND P389(X) THEN Human",2,1,1,1
"1186","IF P203(X) AND P621(A) THEN Human",2,1,1,1
"1187","IF P48(S) AND P375(X) THEN Human",2,1,1,1
"1188","IF P375(X) AND P13(N) THEN Human",2,1,1,1
"1189","IF P68(M) AND P231(I) THEN Avian",2,1,2,1
"1190","IF P109(T) AND P692(S) THEN Avian",2,1,2,1
"1191","IF P692(S) AND P85(T) THEN Avian",2,1,2,1
"1192","IF P692(S) AND P68(M) THEN Avian",2,1,2,1
"1193","IF P710(R) AND P596(A) THEN Avian",2,1,1,1
"1194","IF P483(L) AND P710(R) THEN Avian",2,1,1,1
"1195","IF P85(T) AND P275(A) THEN Avian",2,1,7,1
"1196","IF P684(S) AND P275(A) THEN Human",2,1,1,1
"1197","IF P635(E) AND P596(P) THEN Avian",2,1,1,1
"1198","IF P483(L) AND P596(P) THEN Avian",2,1,1,1
"1199","IF P375(K) AND P596(V) THEN Human",2,1,3,1
"1200","IF P71(V) AND P596(V) THEN Human",2,1,2,1
"1201","IF P596(V) AND P389(V) THEN Human",2,1,2,1
"1202","IF P682(S) AND P471(V) THEN Human",2,1,1,1
"1203","IF P109(T) AND P71(V) THEN Avian",2,1,4,1
"1204","IF P692(S) AND P231(V) THEN Human",2,1,6,1
"1205","IF P68(I) AND P85(T) THEN Avian",2,1,1,1
"1206","IF P375(K) AND P85(I) THEN Human",2,1,4,1
"1207","IF P85(I) AND P534(R) THEN Human",2,1,4,1
"1208","IF P375(R) AND P596(V) THEN Avian",2,1,1,1
"1209","IF P68(I) AND P231(I) THEN Human",2,1,3,1
"1210","IF P692(A) AND P669(T) THEN Avian",2,1,1,1
"1211","IF P669(T) AND P461(P) THEN Avian",2,1,1,1
"1212","IF P109(T) AND P461(H) THEN Avian",2,1,1,1
"1213","IF P124(E) AND P461(X) THEN Avian",2,1,1,1
"1214","IF P86(N) AND P471(X) THEN Avian",2,1,1,1
"1215","IF P109(T) AND P461(X) THEN Avian",2,1,1,1
"1216","IF P635(E) AND P596(X) THEN Avian",2,1,1,1
"1217","IF P483(X) AND P124(E) THEN Avian",2,1,1,1
"1218","IF P534(X) AND P231(V) THEN Avian",2,1,1,1
"1219","IF P534(X) AND P596(X) THEN Avian",2,1,1,1
"1220","IF P635(E) AND P461(X) THEN Avian",2,1,1,1
"1221","IF P48(A) AND P483(X) THEN Avian",2,1,1,1
"1222","IF P461(X) AND P596(X) THEN Avian",2,1,1,1
"1223","IF P710(K) AND P461(X) THEN Avian",2,1,1,1
"1224","IF P534(X) AND P705(L) THEN Avian",2,1,1,1
"1225","IF P692(S) AND P375(X) THEN Human",2,1,1,1
"1226","IF P483(X) AND P669(T) THEN Human",2,1,1,1
"1227","IF P483(X) AND P682(T) THEN Human",2,1,1,1
"1228","IF P483(X) AND P690(S) THEN Human",2,1,1,1
"1229","IF P48(A) AND P682(T) THEN Avian",2,1,1,1
"1230","IF P483(L) AND P231(I) THEN Avian",2,1,2,1
"1231","IF P109(T) AND P231(I) THEN Avian",2,1,2,1
"1232","IF P124(E) AND P231(I) THEN Avian",2,1,2,1
"1233","IF P48(A) AND P231(I) THEN Avian",2,1,2,1
"1234","IF P275(A) AND P621(I) THEN Human",2,1,2,1
"1235","IF P48(A) AND P684(A) THEN Avian",2,1,6,1
"1236","IF P684(A) AND P596(A) THEN Avian",2,1,6,1
"1237","IF P483(L) AND P684(A) THEN Avian",2,1,6,1
"1238","IF P389(V) AND P231(M) THEN Human",2,1,2,1
"1239","IF P375(K) AND P231(M) THEN Human",2,1,2,1
"1240","IF P596(V) AND P621(A) THEN Human",2,1,2,1
"1241","IF P692(A) AND P690(S) THEN Avian",2,1,2,1
"1242","IF P86(N) AND P690(S) THEN Avian",2,1,2,1
"1243","IF P13(D) AND P690(S) THEN Avian",2,1,2,1
"1244","IF P109(T) AND P690(S) THEN Avian",2,1,2,1
"1245","IF P203(A) AND P690(S) THEN Avian",2,1,2,1
"1246","IF P68(I) AND P13(N) THEN Human",2,1,2,1
"1247","IF P68(I) AND P71(V) THEN Human",2,1,3,1
"1248","IF P124(E) AND P684(A) THEN Avian",2,1,6,1
"1249","IF P690(G) AND P684(A) THEN Avian",2,1,6,1
"1250","IF P86(N) AND P684(A) THEN Avian",2,1,6,1
"1251","IF P692(A) AND P684(A) THEN Avian",2,1,6,1
"1252","IF P85(T) AND P684(A) THEN Avian",2,1,6,1
"1253","IF P71(I) AND P684(A) THEN Avian",2,1,6,1
"1254","IF P471(I) AND P684(A) THEN Avian",2,1,6,1
"1255","IF P86(N) AND P669(T) THEN Avian",2,1,1,1
"1256","IF P471(X) AND P231(V) THEN Avian",2,1,1,1
"1257","IF P109(T) AND P534(X) THEN Avian",2,1,1,1
"1258","IF P534(X) AND P275(T) THEN Avian",2,1,1,1
"1259","IF P48(A) AND P375(X) THEN Avian",2,1,1,1
"1260","IF P682(A) AND P534(X) THEN Avian",2,1,1,1
"1261","IF P461(X) AND P621(V) THEN Avian",2,1,1,1
"1262","IF P483(X) AND P275(T) THEN Avian",2,1,1,1
"1263","IF P710(K) AND P534(X) THEN Avian",2,1,1,1
"1264","IF P669(A) AND P389(X) THEN Avian",2,1,2,1
"1265","IF P86(N) AND P275(A) THEN Avian",2,1,7,1
"1266","IF P86(N) AND P13(N) THEN Avian",2,1,1,1
"1267","IF P203(A) AND P13(N) THEN Avian",2,1,1,1
"1268","IF P13(N) AND P71(I) AND P596(A) THEN Avian",3,1,1,1
"1269","IF P483(L) AND P682(A) AND P13(N) THEN Avian",3,1,1,1
"1270","IF P86(N) AND P375(K) THEN Avian",2,1,2,1
"1271","IF P682(A) AND P375(K) THEN Avian",2,1,2,1
"1272","IF P534(X) AND P71(V) THEN Human",2,1,1,1
"1273","IF P483(X) AND P684(I) THEN Human",2,1,1,1
"1274","IF P682(T) AND P461(X) THEN Human",2,1,1,1
"1275","IF P483(X) AND P71(V) THEN Human",2,1,1,1
"1276","IF P710(R) AND P461(X) THEN Human",2,1,1,1
"1277","IF P682(T) AND P13(D) THEN Avian",2,1,1,1
"1278","IF P596(V) AND P621(T) THEN Human",2,1,1,1
"1279","IF P690(S) AND P231(V) THEN Human",2,0.66667,4,1
"1280","IF P13(N) AND P596(V) THEN Human",2,1,2,1
"1281","IF P275(A) AND P231(V) THEN Human",2,0.77778,7,1
"1282","IF P692(S) AND P85(I) THEN Human",2,1,6,1
"1283","IF P85(I) AND P684(I) THEN Human",2,1,6,1
"1284","IF P85(I) AND P389(V) THEN Human",2,1,6,1
"1285","IF P124(D) AND P85(I) THEN Human",2,1,6,1
"1286","IF P203(S) AND P85(I) THEN Human",2,1,6,1
"1287","IF P682(T) AND P231(V) THEN Human",2,1,8,1
"1288","IF P68(M) AND P13(N) THEN Avian",2,1,1,1
"1289","IF P375(R) AND P231(I) THEN Avian",2,1,2,1
"1290","IF P483(L) AND P85(A) THEN Avian",2,1,2,1
"1291","IF P85(A) AND P389(I) THEN Avian",2,1,2,1
"1292","IF P461(P) AND P621(A) THEN Human",2,1,1,1
"1293","IF P682(A) AND P68(V) THEN Avian",2,1,2,1
"1294","IF P86(N) AND P68(V) THEN Avian",2,1,2,1
"1295","IF P68(V) AND P85(T) THEN Avian",2,1,2,1
"1296","IF P375(R) AND P68(V) THEN Avian",2,1,2,1
"1297","IF P68(V) AND P684(T) THEN Avian",2,1,2,1
"1298","IF P71(I) AND P596(P) THEN Avian",2,1,1,1
"1299","IF P596(P) AND P705(L) THEN Avian",2,1,1,1
"1300","IF P682(A) AND P596(P) THEN Avian",2,1,1,1
"1301","IF P68(M) AND P596(P) THEN Avian",2,1,1,1
"1302","IF P684(T) AND P596(P) THEN Avian",2,1,1,1
"1303","IF P461(P) AND P596(P) THEN Avian",2,1,1,1
"1304","IF P48(A) AND P575(D) AND P596(P) THEN Avian",3,1,1,1
"1305","IF P48(A) AND P692(A) AND P596(P) THEN Avian",3,1,1,1
"1306","IF P124(E) AND P621(A) THEN Avian",2,1,3,1
"1307","IF P109(V) AND P231(V) THEN Human",2,1,4,1
"1308","IF P690(G) AND P596(T) THEN Avian",2,1,8,1
"1309","IF P86(N) AND P596(T) THEN Avian",2,1,8,1
"1310","IF P483(X) AND P621(A) THEN Human",2,1,1,1
"1311","IF P483(X) AND P705(I) THEN Human",2,1,1,1
"1312","IF P710(R) AND P375(X) THEN Human",2,1,1,1
"1313","IF P375(X) AND P621(A) THEN Human",2,1,1,1
"1314","IF P596(I) AND P389(X) THEN Human",2,1,1,1
"1315","IF P710(R) AND P534(X) THEN Human",2,1,1,1
"1316","IF P483(X) AND P231(X) THEN Human",2,1,1,1
"1317","IF P710(R) AND P231(X) THEN Human",2,1,1,1
"1318","IF P684(I) AND P231(X) THEN Human",2,1,1,1
"1319","IF P86(S) AND P483(X) THEN Human",2,1,1,1
"1320","IF P85(A) AND P690(G) THEN Avian",2,1,2,1
"1321","IF P575(D) AND P85(A) THEN Avian",2,1,2,1
"1322","IF P682(T) AND P389(I) THEN Human",2,0.8,4,1
"1323","IF P635(K) AND P389(I) THEN Human",2,1,4,1
"1324","IF P483(L) AND P461(S) THEN Avian",2,1,3,1
"1325","IF P13(E) AND P690(G) THEN Avian",2,1,1,1
"1326","IF P575(D) AND P13(E) THEN Avian",2,1,1,1
"1327","IF P124(D) AND P231(V) THEN Human",2,1,4,1
"1328","IF P710(R) AND P275(S) THEN Human",2,1,1,1
"1329","IF P86(S) AND P231(V) THEN Human",2,1,8,1
"1330","IF P635(K) AND P684(T) THEN Human",2,1,1,1
"1331","IF P471(V) AND P231(V) THEN Human",2,0.81818,9,1
"1332","IF P461(T) AND P85(T) THEN Avian",2,1,1,1
"1333","IF P461(T) AND P621(A) THEN Avian",2,1,1,1
"1334","IF P461(T) AND P684(T) THEN Avian",2,1,1,1
"1335","IF P692(A) AND P461(T) THEN Avian",2,1,1,1
"1336","IF P461(T) AND P13(D) THEN Avian",2,1,1,1
"1337","IF P635(E) AND P13(N) THEN Avian",2,1,1,1
"1338","IF P109(T) AND P13(N) THEN Avian",2,1,1,1
"1339","IF P461(X) THEN Human",1,1,1,1
"1340","IF P375(X) THEN Human",1,1,1,1
"1341","IF P621(A) AND P389(X) THEN Human",2,1,1,1
"1342","IF P669(T) AND P389(X) THEN Human",2,1,1,1
"1343","IF P85(M) AND P389(X) THEN Human",2,1,1,1
"1344","IF P483(X) AND P389(X) THEN Human",2,1,1,1
"1345","IF P669(T) AND P13(T) THEN Human",2,1,8,1
